Student,Question,Response,Score,Start,Revisions,Time
Student 01,1,option_2,1,"[""13-02-2023 06:44:06""]","[[""option_2"", ""13-02-2023 06:44:23""]]",18
Student 01,2,option_3,0,"[""13-02-2023 06:44:23""]","[[""option_3"", ""13-02-2023 06:44:54""]]",30
Student 01,3,option_1,1,"[""13-02-2023 06:44:54""]","[[""option_1"", ""13-02-2023 06:45:08""]]",13
Student 01,4,option_4,0,"[""13-02-2023 06:45:08""]","[[""option_4"", ""13-02-2023 06:45:32""]]",24
Student 01,5,option_2,1,"[""13-02-2023 06:45:32""]","[[""option_2"", ""13-02-2023 06:45:42""]]",9
Student 01,6,option_2,0,"[""13-02-2023 06:45:42""]","[[""option_2"", ""13-02-2023 06:46:10""]]",24
Student 01,7,option_2,0,"[""13-02-2023 06:46:10""]","[[""option_2"", ""13-02-2023 06:46:26""]]",19
Student 01,8,option_3,1,"[""13-02-2023 06:46:26""]","[[""option_3"", ""13-02-2023 06:46:41""]]",14
Student 01,9,option_3,1,"[""13-02-2023 06:46:41""]","[[""option_3"", ""13-02-2023 06:47:00""]]",19
Student 01,10,option_4,0,"[""13-02-2023 06:47:00""]","[[""option_4"", ""13-02-2023 06:47:20""]]",20
Student 01,11,option_4,1,"[""13-02-2023 06:47:20""]","[[""option_4"", ""13-02-2023 06:47:29""]]",8
Student 01,12,option_2,1,"[""13-02-2023 06:47:29""]","[[""option_2"", ""13-02-2023 06:47:42""]]",12
Student 01,13,option_3,1,"[""13-02-2023 06:47:42""]","[[""option_3"", ""13-02-2023 06:48:50""]]",68
Student 01,14,option_2,1,"[""13-02-2023 06:48:50""]","[[""option_2"", ""13-02-2023 06:49:15""]]",25
Student 01,15,option_2,1,"[""13-02-2023 06:49:15""]","[[""option_2"", ""13-02-2023 06:49:25""]]",9
Student 01,16,option_3,1,"[""13-02-2023 06:49:25""]","[[""option_3"", ""13-02-2023 06:49:33""]]",7
Student 01,17,option_3,1,"[""13-02-2023 06:49:33""]","[[""option_3"", ""13-02-2023 06:49:41""]]",8
Student 01,18,option_1,1,"[""13-02-2023 06:49:41""]","[[""option_1"", ""13-02-2023 06:50:02""]]",20
Student 01,19,option_1,1,"[""13-02-2023 06:50:02""]","[[""option_1"", ""13-02-2023 06:50:19""]]",17
Student 01,20,option_2,1,"[""13-02-2023 06:50:20""]","[[""option_2"", ""13-02-2023 06:50:53""], [""option_2"", ""13-02-2023 06:50:59""]]",42
Student 02,1,option_2,1,"[""13-02-2023 06:44:11"", ""13-02-2023 06:52:11""]","[[""option_2"", ""13-02-2023 06:44:26""]]",22
Student 02,3,option_1,1,"[""13-02-2023 06:45:05""]","[[""option_1"", ""13-02-2023 06:45:14""]]",10
Student 02,4,option_1,1,"[""13-02-2023 06:45:14""]","[[""option_1"", ""13-02-2023 06:45:52""]]",37
Student 02,5,option_2,1,"[""13-02-2023 06:45:52""]","[[""option_2"", ""13-02-2023 06:46:00""]]",8
Student 02,6,option_1,1,"[""13-02-2023 06:46:00""]","[[""option_1"", ""13-02-2023 06:46:25""]]",24
Student 02,7,option_1,1,"[""13-02-2023 06:46:25""]","[[""option_1"", ""13-02-2023 06:47:11""]]",45
Student 02,8,option_3,1,"[""13-02-2023 06:47:11""]","[[""option_3"", ""13-02-2023 06:47:26""]]",15
Student 02,9,option_2,0,"[""13-02-2023 06:47:26"", ""13-02-2023 06:52:18""]","[[""option_2"", ""13-02-2023 06:47:49""], [""option_2"", ""13-02-2023 06:52:23""]]",28
Student 02,10,option_2,1,"[""13-02-2023 06:47:49"", ""13-02-2023 06:52:23""]","[[""option_2"", ""13-02-2023 06:48:17""], [""option_2"", ""13-02-2023 06:52:25""]]",28
Student 02,11,option_4,1,"[""13-02-2023 06:48:17"", ""13-02-2023 06:52:25""]","[[""option_4"", ""13-02-2023 06:48:29""]]",14
Student 02,12,option_4,0,"[""13-02-2023 06:48:29""]","[[""option_4"", ""13-02-2023 06:48:48""]]",18
Student 02,13,option_1,0,"[""13-02-2023 06:48:48""]","[[""option_1"", ""13-02-2023 06:48:57""]]",9
Student 02,14,option_2,1,"[""13-02-2023 06:48:57""]","[[""option_2"", ""13-02-2023 06:49:20""]]",22
Student 02,15,option_2,1,"[""13-02-2023 06:49:20""]","[[""option_2"", ""13-02-2023 06:49:27""]]",7
Student 02,16,option_3,1,"[""13-02-2023 06:49:27""]","[[""option_3"", ""13-02-2023 06:49:36""]]",9
Student 02,17,option_3,1,"[""13-02-2023 06:49:36""]","[[""option_3"", ""13-02-2023 06:49:39""]]",3
Student 02,18,option_1,1,"[""13-02-2023 06:49:40""]","[[""option_1"", ""13-02-2023 06:49:51""]]",11
Student 02,19,option_3,0,"[""13-02-2023 06:49:51""]","[[""option_3"", ""13-02-2023 06:50:23""]]",31
Student 02,20,option_2,1,"[""13-02-2023 06:50:23""]","[[""option_2"", ""13-02-2023 06:51:00""], [""option_2"", ""13-02-2023 06:51:02""]]",50
Student 02,2,Unanswered,0,"[""13-02-2023 06:44:26"", ""13-02-2023 06:51:13"", ""13-02-2023 06:51:14"", ""13-02-2023 06:51:51"", ""13-02-2023 06:51:51"", ""13-02-2023 06:51:51"", ""13-02-2023 06:51:52""]",Unanswered,76
Student 03,1,option_2,1,"[""13-02-2023 06:44:10"", ""13-02-2023 06:53:14""]","[[""option_2"", ""13-02-2023 06:44:47""]]",41
Student 03,2,option_3,0,"[""13-02-2023 06:44:47"", ""13-02-2023 06:53:19""]","[[""option_3"", ""13-02-2023 06:45:03""]]",16
Student 03,3,option_1,1,"[""13-02-2023 06:45:03"", ""13-02-2023 06:53:21""]","[[""option_1"", ""13-02-2023 06:45:34""]]",31
Student 03,4,option_1,1,"[""13-02-2023 06:45:34"", ""13-02-2023 06:53:22""]","[[""option_1"", ""13-02-2023 06:46:03""]]",30
Student 03,5,option_2,1,"[""13-02-2023 06:46:03"", ""13-02-2023 06:53:23""]","[[""option_2"", ""13-02-2023 06:46:11""]]",8
Student 03,6,option_1,1,"[""13-02-2023 06:46:11"", ""13-02-2023 06:53:25""]","[[""option_1"", ""13-02-2023 06:46:42""]]",31
Student 03,7,option_1,1,"[""13-02-2023 06:46:43"", ""13-02-2023 06:53:25""]","[[""option_1"", ""13-02-2023 06:47:47""]]",65
Student 03,8,option_3,1,"[""13-02-2023 06:47:47"", ""13-02-2023 06:53:26""]","[[""option_3"", ""13-02-2023 06:47:55""]]",8
Student 03,9,option_1,0,"[""13-02-2023 06:47:55"", ""13-02-2023 06:52:50"", ""13-02-2023 06:52:51"", ""13-02-2023 06:52:53"", ""13-02-2023 06:52:57"", ""13-02-2023 06:53:27""]","[[""option_1"", ""13-02-2023 06:48:24""]]",40
Student 03,12,option_1,0,"[""13-02-2023 06:50:00"", ""13-02-2023 06:53:40""]","[[""option_1"", ""13-02-2023 06:50:24""]]",23
Student 03,13,option_3,1,"[""13-02-2023 06:49:59"", ""13-02-2023 06:50:24"", ""13-02-2023 06:53:40""]","[[""option_3"", ""13-02-2023 06:50:34""]]",13
Student 03,14,option_2,1,"[""13-02-2023 06:50:34"", ""13-02-2023 06:53:42""]","[[""option_2"", ""13-02-2023 06:50:51""]]",17
Student 03,15,option_2,1,"[""13-02-2023 06:50:51"", ""13-02-2023 06:53:43""]","[[""option_2"", ""13-02-2023 06:51:04""]]",12
Student 03,16,option_3,1,"[""13-02-2023 06:51:04"", ""13-02-2023 06:53:44""]","[[""option_3"", ""13-02-2023 06:51:35""]]",32
Student 03,17,option_3,1,"[""13-02-2023 06:51:35"", ""13-02-2023 06:53:45""]","[[""option_3"", ""13-02-2023 06:51:40""]]",4
Student 03,18,option_4,0,"[""13-02-2023 06:51:40"", ""13-02-2023 06:53:45""]","[[""option_4"", ""13-02-2023 06:52:16""]]",37
Student 03,19,option_1,1,"[""13-02-2023 06:52:16"", ""13-02-2023 06:53:46""]","[[""option_1"", ""13-02-2023 06:52:31""]]",15
Student 03,20,option_3,0,"[""13-02-2023 06:52:31"", ""13-02-2023 06:53:47""]","[[""option_3"", ""13-02-2023 06:52:43""]]",22
Student 03,10,Unanswered,0,"[""13-02-2023 06:48:24"", ""13-02-2023 06:53:02"", ""13-02-2023 06:53:28""]",Unanswered,86
Student 03,11,Unanswered,0,"[""13-02-2023 06:49:48"", ""13-02-2023 06:53:31""]",Unanswered,19
Student 04,1,option_2,1,"[""13-02-2023 06:44:17""]","[[""option_2"", ""13-02-2023 06:44:48""]]",30
Student 04,2,option_2,1,"[""13-02-2023 06:44:48""]","[[""option_2"", ""13-02-2023 06:45:01""]]",12
Student 04,3,option_1,1,"[""13-02-2023 06:45:00""]","[[""option_1"", ""13-02-2023 06:45:33""]]",32
Student 04,4,option_1,1,"[""13-02-2023 06:45:33""]","[[""option_1"", ""13-02-2023 06:45:58""]]",25
Student 04,5,option_2,1,"[""13-02-2023 06:45:58""]","[[""option_2"", ""13-02-2023 06:46:10""]]",10
Student 04,6,option_1,1,"[""13-02-2023 06:46:10""]","[[""option_1"", ""13-02-2023 06:46:41""]]",32
Student 04,7,option_1,1,"[""13-02-2023 06:46:41""]","[[""option_1"", ""13-02-2023 06:47:21""]]",39
Student 04,8,option_3,1,"[""13-02-2023 06:47:21"", ""13-02-2023 06:48:56""]","[[""option_3"", ""13-02-2023 06:48:11""]]",50
Student 04,9,option_3,1,"[""13-02-2023 06:48:11"", ""13-02-2023 06:48:57""]","[[""option_3"", ""13-02-2023 06:49:07""]]",54
Student 04,10,option_2,1,"[""13-02-2023 06:49:07"", ""13-02-2023 06:49:45"", ""13-02-2023 06:50:29"", ""13-02-2023 06:50:31"", ""13-02-2023 06:50:42""]","[[""option_2"", ""13-02-2023 06:51:00""]]",80
Student 04,11,option_4,1,"[""13-02-2023 06:49:28"", ""13-02-2023 06:50:20"", ""13-02-2023 06:50:25"", ""13-02-2023 06:50:30"", ""13-02-2023 06:50:39"", ""13-02-2023 06:51:00""]","[[""option_4"", ""13-02-2023 06:51:04""]]",28
Student 04,12,option_4,0,"[""13-02-2023 06:50:22"", ""13-02-2023 06:51:04"", ""13-02-2023 06:52:00""]","[[""option_4"", ""13-02-2023 06:52:19""]]",44
Student 04,13,option_3,1,"[""13-02-2023 06:51:27"", ""13-02-2023 06:51:58"", ""13-02-2023 06:52:19""]","[[""option_3"", ""13-02-2023 06:52:26""]]",27
Student 04,14,option_3,0,"[""13-02-2023 06:51:46"", ""13-02-2023 06:52:26""]","[[""option_3"", ""13-02-2023 06:52:29""]]",15
Student 04,15,option_2,1,"[""13-02-2023 06:52:29""]","[[""option_2"", ""13-02-2023 06:52:31""]]",2
Student 04,16,option_3,1,"[""13-02-2023 06:52:31"", ""13-02-2023 06:52:51"", ""13-02-2023 06:53:39""]","[[""option_3"", ""13-02-2023 06:53:45""]]",55
Student 04,17,option_3,1,"[""13-02-2023 06:52:35"", ""13-02-2023 06:53:38"", ""13-02-2023 06:53:44""]","[[""option_3"", ""13-02-2023 06:53:48""]]",19
Student 04,18,option_1,1,"[""13-02-2023 06:53:48""]","[[""option_1"", ""13-02-2023 06:53:52""]]",4
Student 04,19,option_3,0,"[""13-02-2023 06:53:52""]","[[""option_3"", ""13-02-2023 06:53:56""]]",3
Student 04,20,option_2,1,"[""13-02-2023 06:53:56""]","[[""option_2"", ""13-02-2023 06:54:03""]]",17
Student 05,1,option_2,1,"[""13-02-2023 06:44:39""]","[[""option_2"", ""13-02-2023 06:44:48""]]",9
Student 05,2,option_2,1,"[""13-02-2023 06:44:48"", ""13-02-2023 06:54:13""]","[[""option_2"", ""13-02-2023 06:45:07""]]",49
Student 05,3,option_1,1,"[""13-02-2023 06:45:07"", ""13-02-2023 06:54:13""]","[[""option_1"", ""13-02-2023 06:45:32""]]",24
Student 05,4,option_1,1,"[""13-02-2023 06:45:32"", ""13-02-2023 06:54:13""]","[[""option_1"", ""13-02-2023 06:45:59""]]",29
Student 05,5,option_2,1,"[""13-02-2023 06:45:59"", ""13-02-2023 06:54:13""]","[[""option_2"", ""13-02-2023 06:46:09""]]",6
Student 05,6,option_1,1,"[""13-02-2023 06:46:09"", ""13-02-2023 06:54:13""]","[[""option_1"", ""13-02-2023 06:46:26""]]",20
Student 05,7,option_1,1,"[""13-02-2023 06:46:26"", ""13-02-2023 06:54:13""]","[[""option_1"", ""13-02-2023 06:47:12""]]",44
Student 05,8,option_3,1,"[""13-02-2023 06:47:12"", ""13-02-2023 06:54:11""]","[[""option_3"", ""13-02-2023 06:47:22""]]",11
Student 05,9,option_3,1,"[""13-02-2023 06:47:22"", ""13-02-2023 06:54:13""]","[[""option_3"", ""13-02-2023 06:47:36""]]",13
Student 05,10,option_2,1,"[""13-02-2023 06:47:36"", ""13-02-2023 06:54:11""]","[[""option_2"", ""13-02-2023 06:47:46""]]",11
Student 05,11,option_4,1,"[""13-02-2023 06:47:46"", ""13-02-2023 06:54:13""]","[[""option_4"", ""13-02-2023 06:47:55""]]",9
Student 05,12,option_4,0,"[""13-02-2023 06:47:55"", ""13-02-2023 06:52:15"", ""13-02-2023 06:54:12""]","[[""option_4"", ""13-02-2023 06:48:36""]]",46
Student 05,13,option_3,1,"[""13-02-2023 06:48:36"", ""13-02-2023 06:52:14"", ""13-02-2023 06:52:21"", ""13-02-2023 06:54:11""]","[[""option_3"", ""13-02-2023 06:48:45""]]",15
Student 05,14,option_3,0,"[""13-02-2023 06:48:45"", ""13-02-2023 06:50:45"", ""13-02-2023 06:52:12"", ""13-02-2023 06:52:26"", ""13-02-2023 06:54:11""]","[[""option_2"", ""13-02-2023 06:49:32""], [""option_3"", ""13-02-2023 06:51:44""]]",106
Student 05,15,option_2,1,"[""13-02-2023 06:49:31"", ""13-02-2023 06:51:45"", ""13-02-2023 06:52:28"", ""13-02-2023 06:54:11""]","[[""option_2"", ""13-02-2023 06:52:04""]]",94
Student 05,16,option_3,1,"[""13-02-2023 06:52:04"", ""13-02-2023 06:52:31"", ""13-02-2023 06:53:40"", ""13-02-2023 06:54:11""]","[[""option_3"", ""13-02-2023 06:52:52""]]",33
Student 05,17,option_3,1,"[""13-02-2023 06:52:52"", ""13-02-2023 06:53:44"", ""13-02-2023 06:54:10""]","[[""option_3"", ""13-02-2023 06:52:57""]]",6
Student 05,18,option_1,1,"[""13-02-2023 06:52:57"", ""13-02-2023 06:53:47"", ""13-02-2023 06:53:51"", ""13-02-2023 06:54:10""]","[[""option_1"", ""13-02-2023 06:53:13""]]",18
Student 05,19,option_3,0,"[""13-02-2023 06:53:13"", ""13-02-2023 06:53:48"", ""13-02-2023 06:53:53"", ""13-02-2023 06:54:10""]","[[""option_3"", ""13-02-2023 06:53:36""]]",25
Student 05,20,option_2,1,"[""13-02-2023 06:53:36"", ""13-02-2023 06:53:49"", ""13-02-2023 06:53:56""]","[[""option_2"", ""13-02-2023 06:54:02""]]",18
Student 06,1,option_2,1,"[""13-02-2023 06:44:35""]","[[""option_2"", ""13-02-2023 06:44:44""]]",9
Student 06,2,option_2,1,"[""13-02-2023 06:44:44"", ""13-02-2023 06:54:09""]","[[""option_2"", ""13-02-2023 06:45:21""], [""option_2"", ""13-02-2023 06:54:11""]]",37
Student 06,3,option_1,1,"[""13-02-2023 06:45:21"", ""13-02-2023 06:54:09"", ""13-02-2023 06:54:11""]","[[""option_1"", ""13-02-2023 06:45:32""]]",14
Student 06,4,option_1,1,"[""13-02-2023 06:45:32"", ""13-02-2023 06:54:08""]","[[""option_1"", ""13-02-2023 06:45:55""]]",23
Student 06,5,option_2,1,"[""13-02-2023 06:45:55""]","[[""option_2"", ""13-02-2023 06:46:09""]]",10
Student 06,6,option_1,1,"[""13-02-2023 06:46:09"", ""13-02-2023 06:54:07""]","[[""option_1"", ""13-02-2023 06:46:26""]]",20
Student 06,7,option_1,1,"[""13-02-2023 06:46:26""]","[[""option_1"", ""13-02-2023 06:47:00""]]",34
Student 06,8,option_3,1,"[""13-02-2023 06:47:00"", ""13-02-2023 06:49:00""]","[[""option_3"", ""13-02-2023 06:47:22""]]",22
Student 06,9,option_3,1,"[""13-02-2023 06:47:22"", ""13-02-2023 06:49:01""]","[[""option_3"", ""13-02-2023 06:47:36""]]",19
Student 06,10,option_2,1,"[""13-02-2023 06:47:36"", ""13-02-2023 06:49:00"", ""13-02-2023 06:50:55""]","[[""option_2"", ""13-02-2023 06:47:49""]]",16
Student 06,11,option_4,1,"[""13-02-2023 06:47:49"", ""13-02-2023 06:48:59"", ""13-02-2023 06:51:01""]","[[""option_4"", ""13-02-2023 06:47:56""]]",12
Student 06,12,option_4,0,"[""13-02-2023 06:47:56"", ""13-02-2023 06:51:05""]","[[""option_4"", ""13-02-2023 06:48:31""], [""option_4"", ""13-02-2023 06:51:44""]]",72
Student 06,13,option_3,1,"[""13-02-2023 06:48:31"", ""13-02-2023 06:48:59"", ""13-02-2023 06:49:07"", ""13-02-2023 06:51:44""]","[[""option_3"", ""13-02-2023 06:48:46""], [""option_3"", ""13-02-2023 06:49:12""], [""option_3"", ""13-02-2023 06:51:45""]]",17
Student 06,14,option_3,0,"[""13-02-2023 06:48:46"", ""13-02-2023 06:49:12"", ""13-02-2023 06:50:59"", ""13-02-2023 06:51:45""]","[[""option_3"", ""13-02-2023 06:50:44""], [""option_3"", ""13-02-2023 06:51:48""]]",109
Student 06,15,option_2,1,"[""13-02-2023 06:50:45"", ""13-02-2023 06:51:48""]","[[""option_2"", ""13-02-2023 06:51:58""]]",21
Student 06,16,option_3,1,"[""13-02-2023 06:51:58""]","[[""option_3"", ""13-02-2023 06:52:27""]]",28
Student 06,17,option_3,1,"[""13-02-2023 06:52:27""]","[[""option_3"", ""13-02-2023 06:52:30""]]",3
Student 06,18,option_1,1,"[""13-02-2023 06:52:30""]","[[""option_1"", ""13-02-2023 06:53:11""]]",41
Student 06,19,option_3,0,"[""13-02-2023 06:53:11""]","[[""option_3"", ""13-02-2023 06:53:34""]]",23
Student 06,20,option_2,1,"[""13-02-2023 06:53:34""]","[[""option_2"", ""13-02-2023 06:54:03""]]",32
Student 07,1,option_2,1,"[""13-02-2023 06:44:08""]","[[""option_2"", ""13-02-2023 06:44:25""]]",19
Student 07,2,option_1,0,"[""13-02-2023 06:44:26""]","[[""option_1"", ""13-02-2023 06:44:44""]]",18
Student 07,3,option_1,1,"[""13-02-2023 06:44:44""]","[[""option_1"", ""13-02-2023 06:44:53""]]",8
Student 07,4,option_4,0,"[""13-02-2023 06:44:53""]","[[""option_4"", ""13-02-2023 06:45:07""]]",13
Student 07,5,option_2,1,"[""13-02-2023 06:45:07""]","[[""option_2"", ""13-02-2023 06:45:18""]]",11
Student 07,6,option_1,1,"[""13-02-2023 06:45:18""]","[[""option_1"", ""13-02-2023 06:45:29""]]",10
Student 07,7,option_1,1,"[""13-02-2023 06:45:29""]","[[""option_1"", ""13-02-2023 06:45:43""]]",14
Student 07,8,option_3,1,"[""13-02-2023 06:45:43""]","[[""option_3"", ""13-02-2023 06:45:56""]]",13
Student 07,9,option_3,1,"[""13-02-2023 06:45:57""]","[[""option_3"", ""13-02-2023 06:46:04""]]",7
Student 07,10,option_2,1,"[""13-02-2023 06:46:04""]","[[""option_2"", ""13-02-2023 06:46:13""]]",9
Student 07,11,option_4,1,"[""13-02-2023 06:46:13""]","[[""option_4"", ""13-02-2023 06:46:20""]]",6
Student 07,12,option_4,0,"[""13-02-2023 06:46:20""]","[[""option_4"", ""13-02-2023 06:46:28""]]",8
Student 07,13,option_3,1,"[""13-02-2023 06:46:28""]","[[""option_3"", ""13-02-2023 06:46:42""]]",13
Student 07,14,option_3,0,"[""13-02-2023 06:46:42""]","[[""option_3"", ""13-02-2023 06:47:24""]]",41
Student 07,15,option_2,1,"[""13-02-2023 06:47:24""]","[[""option_2"", ""13-02-2023 06:47:44""]]",20
Student 07,16,option_3,1,"[""13-02-2023 06:47:44""]","[[""option_3"", ""13-02-2023 06:47:53""]]",9
Student 07,17,option_1,0,"[""13-02-2023 06:47:53""]","[[""option_1"", ""13-02-2023 06:48:03""]]",10
Student 07,18,option_1,1,"[""13-02-2023 06:48:03""]","[[""option_1"", ""13-02-2023 06:48:17""]]",14
Student 07,19,option_1,1,"[""13-02-2023 06:48:17""]","[[""option_1"", ""13-02-2023 06:48:28""]]",11
Student 07,20,option_2,1,"[""13-02-2023 06:48:28""]","[[""option_2"", ""13-02-2023 06:48:48""]]",26
Student 08,1,option_2,1,"[""13-02-2023 06:44:08""]","[[""option_2"", ""13-02-2023 06:44:26""]]",19
Student 08,2,option_1,0,"[""13-02-2023 06:44:27""]","[[""option_1"", ""13-02-2023 06:44:44""]]",18
Student 08,3,option_1,1,"[""13-02-2023 06:44:44""]","[[""option_1"", ""13-02-2023 06:44:56""]]",10
Student 08,4,option_4,0,"[""13-02-2023 06:44:56""]","[[""option_4"", ""13-02-2023 06:45:08""]]",12
Student 08,5,option_2,1,"[""13-02-2023 06:45:08""]","[[""option_2"", ""13-02-2023 06:45:18""]]",10
Student 08,6,option_1,1,"[""13-02-2023 06:45:18""]","[[""option_1"", ""13-02-2023 06:45:28""]]",9
Student 08,7,option_1,1,"[""13-02-2023 06:45:28""]","[[""option_1"", ""13-02-2023 06:45:45""]]",17
Student 08,8,option_3,1,"[""13-02-2023 06:45:45""]","[[""option_3"", ""13-02-2023 06:45:57""]]",11
Student 08,9,option_3,1,"[""13-02-2023 06:45:57""]","[[""option_3"", ""13-02-2023 06:46:09""]]",8
Student 08,10,option_2,1,"[""13-02-2023 06:46:09""]","[[""option_2"", ""13-02-2023 06:46:14""]]",9
Student 08,11,option_4,1,"[""13-02-2023 06:46:14""]","[[""option_4"", ""13-02-2023 06:46:20""]]",5
Student 08,13,option_3,1,"[""13-02-2023 06:46:28""]","[[""option_3"", ""13-02-2023 06:46:41""]]",13
Student 08,14,option_3,0,"[""13-02-2023 06:46:41""]","[[""option_3"", ""13-02-2023 06:47:24""]]",42
Student 08,15,option_2,1,"[""13-02-2023 06:47:24""]","[[""option_2"", ""13-02-2023 06:47:43""]]",19
Student 08,16,option_3,1,"[""13-02-2023 06:47:43""]","[[""option_3"", ""13-02-2023 06:47:53""]]",9
Student 08,17,option_1,0,"[""13-02-2023 06:47:53""]","[[""option_1"", ""13-02-2023 06:48:02""]]",9
Student 08,18,option_1,1,"[""13-02-2023 06:48:02""]","[[""option_1"", ""13-02-2023 06:48:19""]]",17
Student 08,19,option_1,1,"[""13-02-2023 06:48:19""]","[[""option_1"", ""13-02-2023 06:48:29""]]",9
Student 08,20,option_2,1,"[""13-02-2023 06:48:29""]","[[""option_2"", ""13-02-2023 06:48:47""]]",26
Student 08,12,Unanswered,0,"[""13-02-2023 06:46:20""]",Unanswered,7
Student 09,1,option_1,0,"[""13-02-2023 06:45:08""]","[[""option_1"", ""13-02-2023 06:45:22""]]",14
Student 09,2,option_1,0,"[""13-02-2023 06:45:22""]","[[""option_1"", ""13-02-2023 06:45:31""]]",9
Student 09,3,option_1,1,"[""13-02-2023 06:45:31"", ""13-02-2023 06:50:32""]","[[""option_1"", ""13-02-2023 06:45:38""], [""option_1"", ""13-02-2023 06:50:38""]]",12
Student 09,4,option_1,1,"[""13-02-2023 06:45:38"", ""13-02-2023 06:50:31"", ""13-02-2023 06:50:38""]","[[""option_1"", ""13-02-2023 06:45:51""], [""option_1"", ""13-02-2023 06:50:48""]]",23
Student 09,5,option_2,1,"[""13-02-2023 06:45:51"", ""13-02-2023 06:50:30"", ""13-02-2023 06:50:48""]","[[""option_2"", ""13-02-2023 06:45:56""], [""option_2"", ""13-02-2023 06:50:52""]]",8
Student 09,6,option_1,1,"[""13-02-2023 06:45:56"", ""13-02-2023 06:50:52""]","[[""option_1"", ""13-02-2023 06:46:10""], [""option_1"", ""13-02-2023 06:50:54""]]",13
Student 09,7,option_1,1,"[""13-02-2023 06:46:10"", ""13-02-2023 06:50:54""]","[[""option_1"", ""13-02-2023 06:46:27""], [""option_1"", ""13-02-2023 06:51:04""]]",26
Student 09,8,option_3,1,"[""13-02-2023 06:46:27"", ""13-02-2023 06:50:30"", ""13-02-2023 06:51:04"", ""13-02-2023 06:51:21""]","[[""option_1"", ""13-02-2023 06:46:32""], [""option_1"", ""13-02-2023 06:51:14""], [""option_3"", ""13-02-2023 06:51:21""]]",17
Student 09,9,option_2,0,"[""13-02-2023 06:46:32"", ""13-02-2023 06:51:14"", ""13-02-2023 06:51:21""]","[[""option_2"", ""13-02-2023 06:46:45""], [""option_2"", ""13-02-2023 06:51:29""]]",24
Student 09,10,option_2,1,"[""13-02-2023 06:46:45"", ""13-02-2023 06:51:29""]","[[""option_2"", ""13-02-2023 06:47:06""], [""option_2"", ""13-02-2023 06:51:41""]]",33
Student 09,11,option_4,1,"[""13-02-2023 06:47:06"", ""13-02-2023 06:50:30"", ""13-02-2023 06:51:41""]","[[""option_4"", ""13-02-2023 06:47:14""], [""option_4"", ""13-02-2023 06:51:50""]]",15
Student 09,12,option_2,1,"[""13-02-2023 06:47:14"", ""13-02-2023 06:50:30"", ""13-02-2023 06:51:50"", ""13-02-2023 06:52:37""]","[[""option_2"", ""13-02-2023 06:47:41""], [""option_2"", ""13-02-2023 06:51:54""], [""option_2"", ""13-02-2023 06:52:40""]]",32
Student 09,13,option_3,1,"[""13-02-2023 06:47:41"", ""13-02-2023 06:50:29"", ""13-02-2023 06:51:54"", ""13-02-2023 06:52:34"", ""13-02-2023 06:52:40""]","[[""option_3"", ""13-02-2023 06:47:56""], [""option_3"", ""13-02-2023 06:51:57""], [""option_3"", ""13-02-2023 06:52:42""]]",21
Student 09,14,option_1,0,"[""13-02-2023 06:47:56"", ""13-02-2023 06:50:27"", ""13-02-2023 06:51:57"", ""13-02-2023 06:52:31"", ""13-02-2023 06:52:42""]","[[""option_1"", ""13-02-2023 06:48:13""], [""option_1"", ""13-02-2023 06:51:59""], [""option_1"", ""13-02-2023 06:52:43""]]",22
Student 09,15,option_2,1,"[""13-02-2023 06:48:13"", ""13-02-2023 06:50:27"", ""13-02-2023 06:51:59"", ""13-02-2023 06:52:22"", ""13-02-2023 06:52:43""]","[[""option_4"", ""13-02-2023 06:48:50""], [""option_4"", ""13-02-2023 06:52:00""], [""option_4"", ""13-02-2023 06:52:00""], [""option_2"", ""13-02-2023 06:52:45""]]",45
Student 09,16,option_4,0,"[""13-02-2023 06:48:50"", ""13-02-2023 06:52:00"", ""13-02-2023 06:52:09"", ""13-02-2023 06:52:45""]","[[""option_1"", ""13-02-2023 06:49:32""], [""option_1"", ""13-02-2023 06:52:00""], [""option_4"", ""13-02-2023 06:52:47""]]",56
Student 09,17,option_3,1,"[""13-02-2023 06:49:32"", ""13-02-2023 06:52:00"", ""13-02-2023 06:52:47""]","[[""option_1"", ""13-02-2023 06:49:38""], [""option_1"", ""13-02-2023 06:52:02""], [""option_1"", ""13-02-2023 06:52:02""], [""option_3"", ""13-02-2023 06:52:55""]]",13
Student 09,18,option_4,0,"[""13-02-2023 06:49:38"", ""13-02-2023 06:52:02"", ""13-02-2023 06:52:55""]","[[""option_4"", ""13-02-2023 06:49:48""], [""option_4"", ""13-02-2023 06:52:04""], [""option_4"", ""13-02-2023 06:53:14""]]",28
Student 09,19,option_1,1,"[""13-02-2023 06:49:48"", ""13-02-2023 06:52:04"", ""13-02-2023 06:53:14""]","[[""option_1"", ""13-02-2023 06:50:06""], [""option_1"", ""13-02-2023 06:52:05""], [""option_1"", ""13-02-2023 06:52:06""], [""option_1"", ""13-02-2023 06:53:17""]]",20
Student 09,20,option_2,1,"[""13-02-2023 06:50:06"", ""13-02-2023 06:52:06"", ""13-02-2023 06:53:17""]","[[""option_2"", ""13-02-2023 06:50:21""], [""option_2"", ""13-02-2023 06:50:24""], [""option_2"", ""13-02-2023 06:53:25""], [""option_2"", ""13-02-2023 06:53:26""]]",39
Student 10,1,option_2,1,"[""13-02-2023 06:45:34""]",Unanswered,17
Student 10,2,option_1,0,"[""13-02-2023 06:45:51""]",Unanswered,9
Student 10,3,option_3,0,"[""13-02-2023 06:46:00""]",Unanswered,16
Student 10,4,option_4,0,"[""13-02-2023 06:46:17""]",Unanswered,13
Student 10,5,option_2,1,"[""13-02-2023 06:46:30""]",Unanswered,8
Student 10,6,option_2,0,"[""13-02-2023 06:46:39""]",Unanswered,38
Student 10,7,option_2,0,"[""13-02-2023 06:47:18""]",Unanswered,17
Student 10,8,option_3,1,"[""13-02-2023 06:47:36""]",Unanswered,21
Student 10,9,option_1,0,"[""13-02-2023 06:47:57""]","[[""option_1"", ""13-02-2023 06:48:11""]]",13
Student 10,10,option_2,1,"[""13-02-2023 06:48:11""]","[[""option_2"", ""13-02-2023 06:48:30""]]",19
Student 10,11,option_4,1,"[""13-02-2023 06:48:30""]","[[""option_4"", ""13-02-2023 06:48:40""]]",9
Student 10,12,option_4,0,"[""13-02-2023 06:48:40""]","[[""option_4"", ""13-02-2023 06:48:53""]]",12
Student 10,13,option_4,0,"[""13-02-2023 06:48:53""]","[[""option_4"", ""13-02-2023 06:49:16""]]",22
Student 10,14,option_2,1,"[""13-02-2023 06:49:16""]","[[""option_2"", ""13-02-2023 06:49:28""]]",12
Student 10,15,option_2,1,"[""13-02-2023 06:49:28""]","[[""option_2"", ""13-02-2023 06:49:41""]]",13
Student 10,16,option_3,1,"[""13-02-2023 06:49:41""]","[[""option_3"", ""13-02-2023 06:49:55""]]",13
Student 10,17,option_4,0,"[""13-02-2023 06:49:55""]","[[""option_4"", ""13-02-2023 06:50:00""]]",5
Student 10,18,option_1,1,"[""13-02-2023 06:50:00""]","[[""option_1"", ""13-02-2023 06:50:10""]]",9
Student 10,19,option_3,0,"[""13-02-2023 06:50:10""]","[[""option_3"", ""13-02-2023 06:50:15""]]",5
Student 10,20,option_2,1,"[""13-02-2023 06:50:15""]","[[""option_2"", ""13-02-2023 06:50:20""]]",15
Student 11,1,option_2,1,"[""13-02-2023 06:45:23"", ""13-02-2023 06:52:08""]","[[""option_2"", ""13-02-2023 06:45:33""]]",12
Student 11,2,option_4,0,"[""13-02-2023 06:45:33""]","[[""option_4"", ""13-02-2023 06:45:54""]]",21
Student 11,3,option_1,1,"[""13-02-2023 06:45:54"", ""13-02-2023 06:52:09""]","[[""option_1"", ""13-02-2023 06:46:04""]]",12
Student 11,4,option_1,1,"[""13-02-2023 06:46:05""]","[[""option_1"", ""13-02-2023 06:46:20""]]",15
Student 11,5,option_2,1,"[""13-02-2023 06:46:20"", ""13-02-2023 06:52:10""]","[[""option_2"", ""13-02-2023 06:46:29""]]",9
Student 11,6,option_1,1,"[""13-02-2023 06:46:30""]","[[""option_1"", ""13-02-2023 06:46:50""]]",20
Student 11,7,option_1,1,"[""13-02-2023 06:46:50""]","[[""option_1"", ""13-02-2023 06:47:06""]]",15
Student 11,8,option_3,1,"[""13-02-2023 06:47:06""]","[[""option_3"", ""13-02-2023 06:47:20""]]",14
Student 11,9,option_2,0,"[""13-02-2023 06:47:20"", ""13-02-2023 06:52:10""]","[[""option_2"", ""13-02-2023 06:47:40""]]",34
Student 11,10,option_3,0,"[""13-02-2023 06:47:40"", ""13-02-2023 06:52:24""]","[[""option_3"", ""13-02-2023 06:48:32""]]",52
Student 11,11,option_4,1,"[""13-02-2023 06:48:32"", ""13-02-2023 06:52:26""]","[[""option_4"", ""13-02-2023 06:48:38""]]",7
Student 11,12,option_2,1,"[""13-02-2023 06:48:38"", ""13-02-2023 06:52:25"", ""13-02-2023 06:52:28""]","[[""option_2"", ""13-02-2023 06:49:12""]]",34
Student 11,13,option_1,0,"[""13-02-2023 06:49:12""]","[[""option_1"", ""13-02-2023 06:49:15""]]",5
Student 11,14,option_2,1,"[""13-02-2023 06:49:15"", ""13-02-2023 06:52:30""]","[[""option_2"", ""13-02-2023 06:50:02""]]",50
Student 11,15,option_2,1,"[""13-02-2023 06:50:02""]","[[""option_2"", ""13-02-2023 06:50:09""]]",6
Student 11,16,option_3,1,"[""13-02-2023 06:50:08""]","[[""option_3"", ""13-02-2023 06:50:16""]]",7
Student 11,17,option_3,1,"[""13-02-2023 06:50:16""]","[[""option_3"", ""13-02-2023 06:50:26""]]",9
Student 11,18,option_1,1,"[""13-02-2023 06:50:26""]","[[""option_1"", ""13-02-2023 06:51:33""]]",68
Student 11,19,option_1,1,"[""13-02-2023 06:51:33""]","[[""option_1"", ""13-02-2023 06:51:43""]]",9
Student 11,20,option_2,1,"[""13-02-2023 06:51:43""]","[[""option_2"", ""13-02-2023 06:52:00""]]",22
Student 12,1,option_2,1,"[""13-02-2023 06:44:02""]","[[""option_2"", ""13-02-2023 06:44:27""]]",25
Student 12,2,option_3,0,"[""13-02-2023 06:44:27""]","[[""option_3"", ""13-02-2023 06:44:54""]]",26
Student 12,3,option_1,1,"[""13-02-2023 06:44:54""]","[[""option_1"", ""13-02-2023 06:45:05""]]",9
Student 12,4,option_4,0,"[""13-02-2023 06:45:04""]","[[""option_4"", ""13-02-2023 06:45:25""]]",21
Student 12,5,option_2,1,"[""13-02-2023 06:45:25""]","[[""option_2"", ""13-02-2023 06:45:39""]]",13
Student 12,6,option_2,0,"[""13-02-2023 06:45:39""]","[[""option_2"", ""13-02-2023 06:46:10""]]",27
Student 12,7,option_2,0,"[""13-02-2023 06:46:10""]","[[""option_2"", ""13-02-2023 06:46:22""]]",15
Student 12,8,option_3,1,"[""13-02-2023 06:46:22""]","[[""option_3"", ""13-02-2023 06:46:36""]]",13
Student 12,9,option_3,1,"[""13-02-2023 06:46:36""]","[[""option_3"", ""13-02-2023 06:46:55""]]",19
Student 12,10,option_4,0,"[""13-02-2023 06:46:56""]","[[""option_4"", ""13-02-2023 06:47:16""]]",20
Student 12,11,option_4,1,"[""13-02-2023 06:47:16""]","[[""option_4"", ""13-02-2023 06:47:28""]]",11
Student 12,12,option_2,1,"[""13-02-2023 06:47:28""]","[[""option_2"", ""13-02-2023 06:48:11""]]",42
Student 12,13,option_3,1,"[""13-02-2023 06:48:11""]","[[""option_3"", ""13-02-2023 06:48:41""]]",30
Student 12,14,option_2,1,"[""13-02-2023 06:48:41""]","[[""option_2"", ""13-02-2023 06:49:17""]]",35
Student 12,15,option_2,1,"[""13-02-2023 06:49:17""]","[[""option_2"", ""13-02-2023 06:49:25""]]",8
Student 12,16,option_3,1,"[""13-02-2023 06:49:25""]","[[""option_3"", ""13-02-2023 06:49:40""]]",14
Student 12,17,option_3,1,"[""13-02-2023 06:49:40""]","[[""option_3"", ""13-02-2023 06:49:47""]]",7
Student 12,18,option_1,1,"[""13-02-2023 06:49:47""]","[[""option_1"", ""13-02-2023 06:50:05""]]",17
Student 12,19,option_1,1,"[""13-02-2023 06:50:05""]","[[""option_1"", ""13-02-2023 06:50:42""]]",37
Student 12,20,option_2,1,"[""13-02-2023 06:50:42""]","[[""option_2"", ""13-02-2023 06:51:03""]]",29
Student 13,1,option_2,1,"[""13-02-2023 06:45:26""]","[[""option_2"", ""13-02-2023 06:45:42""]]",15
Student 13,2,option_3,0,"[""13-02-2023 06:45:42""]","[[""option_3"", ""13-02-2023 06:45:52""]]",10
Student 13,3,option_1,1,"[""13-02-2023 06:45:52""]","[[""option_1"", ""13-02-2023 06:46:21""]]",28
Student 13,4,option_4,0,"[""13-02-2023 06:46:21""]","[[""option_4"", ""13-02-2023 06:46:35""]]",14
Student 13,5,option_2,1,"[""13-02-2023 06:46:35""]","[[""option_2"", ""13-02-2023 06:46:43""]]",7
Student 13,6,option_1,1,"[""13-02-2023 06:46:43""]","[[""option_1"", ""13-02-2023 06:47:07""]]",24
Student 13,7,option_1,1,"[""13-02-2023 06:47:07""]","[[""option_1"", ""13-02-2023 06:47:32""]]",25
Student 13,8,option_3,1,"[""13-02-2023 06:47:32""]","[[""option_3"", ""13-02-2023 06:47:40""]]",7
Student 13,9,option_2,0,"[""13-02-2023 06:47:40""]","[[""option_2"", ""13-02-2023 06:48:03""]]",21
Student 13,10,option_2,1,"[""13-02-2023 06:48:03""]","[[""option_2"", ""13-02-2023 06:48:17""]]",14
Student 13,11,option_4,1,"[""13-02-2023 06:48:17""]","[[""option_4"", ""13-02-2023 06:48:23""]]",6
Student 13,12,option_4,0,"[""13-02-2023 06:48:23""]","[[""option_4"", ""13-02-2023 06:48:35""]]",11
Student 13,13,option_3,1,"[""13-02-2023 06:48:35""]","[[""option_3"", ""13-02-2023 06:48:45""]]",10
Student 13,14,option_2,1,"[""13-02-2023 06:48:45""]","[[""option_2"", ""13-02-2023 06:48:55""]]",9
Student 13,15,option_2,1,"[""13-02-2023 06:48:55""]","[[""option_2"", ""13-02-2023 06:49:34""]]",39
Student 13,16,option_3,1,"[""13-02-2023 06:49:34""]","[[""option_3"", ""13-02-2023 06:49:44""]]",9
Student 13,17,option_4,0,"[""13-02-2023 06:49:44""]","[[""option_4"", ""13-02-2023 06:49:59""]]",14
Student 13,18,option_1,1,"[""13-02-2023 06:49:59""]","[[""option_1"", ""13-02-2023 06:50:09""]]",9
Student 13,19,option_1,1,"[""13-02-2023 06:50:09""]","[[""option_1"", ""13-02-2023 06:50:14""]]",5
Student 13,20,option_2,1,"[""13-02-2023 06:50:14""]","[[""option_2"", ""13-02-2023 06:50:26""], [""option_2"", ""13-02-2023 06:50:29""]]",23
Student 14,1,option_2,1,"[""13-02-2023 06:44:48"", ""13-02-2023 06:50:59""]","[[""option_2"", ""13-02-2023 06:45:11""]]",28
Student 14,2,option_1,0,"[""13-02-2023 06:45:11""]","[[""option_1"", ""13-02-2023 06:45:36""]]",25
Student 14,3,option_1,1,"[""13-02-2023 06:45:36""]","[[""option_1"", ""13-02-2023 06:45:55""]]",19
Student 14,4,option_2,0,"[""13-02-2023 06:45:55""]","[[""option_2"", ""13-02-2023 06:46:20""]]",24
Student 14,5,option_1,0,"[""13-02-2023 06:46:20""]","[[""option_1"", ""13-02-2023 06:46:40""]]",20
Student 14,6,option_2,0,"[""13-02-2023 06:46:40""]","[[""option_2"", ""13-02-2023 06:46:57""]]",17
Student 14,7,option_1,1,"[""13-02-2023 06:46:57""]","[[""option_1"", ""13-02-2023 06:47:17""]]",19
Student 14,8,option_3,1,"[""13-02-2023 06:47:17""]","[[""option_3"", ""13-02-2023 06:47:24""]]",7
Student 14,9,option_3,1,"[""13-02-2023 06:47:24""]","[[""option_3"", ""13-02-2023 06:47:37""]]",11
Student 14,10,option_2,1,"[""13-02-2023 06:47:37""]","[[""option_2"", ""13-02-2023 06:47:45""]]",9
Student 14,11,option_2,0,"[""13-02-2023 06:47:45""]","[[""option_2"", ""13-02-2023 06:48:07""]]",21
Student 14,12,option_1,0,"[""13-02-2023 06:48:07""]","[[""option_1"", ""13-02-2023 06:48:26""]]",18
Student 14,13,option_3,1,"[""13-02-2023 06:48:26""]","[[""option_3"", ""13-02-2023 06:48:37""]]",11
Student 14,14,option_1,0,"[""13-02-2023 06:48:37""]","[[""option_1"", ""13-02-2023 06:49:14""]]",36
Student 14,15,option_2,1,"[""13-02-2023 06:49:14""]","[[""option_2"", ""13-02-2023 06:49:21""]]",7
Student 14,16,option_3,1,"[""13-02-2023 06:49:21""]","[[""option_3"", ""13-02-2023 06:49:29""]]",8
Student 14,17,option_2,0,"[""13-02-2023 06:49:29""]","[[""option_2"", ""13-02-2023 06:49:46""]]",17
Student 14,18,option_1,1,"[""13-02-2023 06:49:46""]","[[""option_1"", ""13-02-2023 06:50:03""]]",16
Student 14,19,option_1,1,"[""13-02-2023 06:50:02""]","[[""option_1"", ""13-02-2023 06:50:17""]]",14
Student 14,20,option_3,0,"[""13-02-2023 06:50:17"", ""13-02-2023 06:50:50""]","[[""option_3"", ""13-02-2023 06:50:29""]]",32
Student 15,1,option_2,1,"[""13-02-2023 06:44:12"", ""13-02-2023 06:44:53"", ""13-02-2023 06:44:54"", ""13-02-2023 06:44:57"", ""13-02-2023 06:44:57"", ""13-02-2023 06:44:57"", ""13-02-2023 06:44:58"", ""13-02-2023 06:45:02"", ""13-02-2023 06:45:03"", ""13-02-2023 06:45:12""]","[[""option_2"", ""13-02-2023 06:45:16""]]",41
Student 15,2,option_1,0,"[""13-02-2023 06:44:40"", ""13-02-2023 06:45:04"", ""13-02-2023 06:45:05"", ""13-02-2023 06:45:16""]","[[""option_1"", ""13-02-2023 06:45:20""]]",16
Student 15,3,option_1,1,"[""13-02-2023 06:45:20""]","[[""option_1"", ""13-02-2023 06:45:36""]]",15
Student 15,4,option_2,0,"[""13-02-2023 06:45:36""]","[[""option_2"", ""13-02-2023 06:45:41""]]",4
Student 15,5,option_2,1,"[""13-02-2023 06:45:41""]","[[""option_2"", ""13-02-2023 06:45:49""]]",8
Student 15,6,option_1,1,"[""13-02-2023 06:45:49""]","[[""option_1"", ""13-02-2023 06:46:04""]]",14
Student 15,7,option_1,1,"[""13-02-2023 06:46:04"", ""13-02-2023 06:51:40""]","[[""option_1"", ""13-02-2023 06:46:51""]]",46
Student 15,8,option_3,1,"[""13-02-2023 06:46:51""]","[[""option_3"", ""13-02-2023 06:47:02""]]",10
Student 15,9,option_3,1,"[""13-02-2023 06:47:02"", ""13-02-2023 06:48:03""]","[[""option_3"", ""13-02-2023 06:47:22""], [""option_3"", ""13-02-2023 06:48:05""]]",22
Student 15,11,option_4,1,"[""13-02-2023 06:47:58"", ""13-02-2023 06:48:11"", ""13-02-2023 06:52:23""]","[[""option_4"", ""13-02-2023 06:48:27""]]",23
Student 15,12,option_4,0,"[""13-02-2023 06:48:27""]","[[""option_4"", ""13-02-2023 06:48:40""]]",13
Student 15,14,option_1,0,"[""13-02-2023 06:48:49"", ""13-02-2023 06:52:49""]","[[""option_1"", ""13-02-2023 06:49:14""]]",42
Student 15,15,option_2,1,"[""13-02-2023 06:49:14""]","[[""option_2"", ""13-02-2023 06:49:34""]]",20
Student 15,16,option_3,1,"[""13-02-2023 06:49:34""]","[[""option_3"", ""13-02-2023 06:49:40""]]",5
Student 15,17,option_3,1,"[""13-02-2023 06:49:40""]","[[""option_3"", ""13-02-2023 06:49:49""]]",9
Student 15,18,option_4,0,"[""13-02-2023 06:49:49""]","[[""option_4"", ""13-02-2023 06:50:41""]]",51
Student 15,19,option_1,1,"[""13-02-2023 06:50:41"", ""13-02-2023 06:53:08""]","[[""option_1"", ""13-02-2023 06:50:53""], [""option_1"", ""13-02-2023 06:53:15""]]",19
Student 15,20,option_2,1,"[""13-02-2023 06:50:53"", ""13-02-2023 06:51:10"", ""13-02-2023 06:51:59"", ""13-02-2023 06:53:15""]","[[""option_2"", ""13-02-2023 06:51:04""], [""option_2"", ""13-02-2023 06:52:07""]]",31
Student 15,10,option_3,0,"[""13-02-2023 06:47:22"", ""13-02-2023 06:48:05"", ""13-02-2023 06:51:09"", ""13-02-2023 06:51:10"", ""13-02-2023 06:51:41"", ""13-02-2023 06:52:10""]","[[""option_3"", ""13-02-2023 06:52:23""]]",103
Student 15,13,option_2,0,"[""13-02-2023 06:48:40"", ""13-02-2023 06:51:09"", ""13-02-2023 06:52:27""]","[[""option_2"", ""13-02-2023 06:52:49""]]",30
Student 16,1,option_2,1,"[""13-02-2023 06:44:08""]","[[""option_2"", ""13-02-2023 06:44:46""]]",39
Student 16,2,option_1,0,"[""13-02-2023 06:44:46""]","[[""option_1"", ""13-02-2023 06:45:17""]]",31
Student 16,3,option_1,1,"[""13-02-2023 06:45:17""]","[[""option_1"", ""13-02-2023 06:45:22""]]",4
Student 16,4,option_2,0,"[""13-02-2023 06:45:22""]","[[""option_2"", ""13-02-2023 06:45:30""]]",8
Student 16,5,option_2,1,"[""13-02-2023 06:45:30""]","[[""option_2"", ""13-02-2023 06:45:49""]]",19
Student 16,6,option_1,1,"[""13-02-2023 06:45:49""]","[[""option_1"", ""13-02-2023 06:46:04""]]",14
Student 16,7,option_1,1,"[""13-02-2023 06:46:04""]","[[""option_1"", ""13-02-2023 06:46:52""]]",48
Student 16,8,option_3,1,"[""13-02-2023 06:46:52""]","[[""option_3"", ""13-02-2023 06:47:01""]]",8
Student 16,9,option_3,1,"[""13-02-2023 06:47:01""]","[[""option_3"", ""13-02-2023 06:47:22""]]",21
Student 16,10,option_3,0,"[""13-02-2023 06:47:22"", ""13-02-2023 06:51:09"", ""13-02-2023 06:51:31"", ""13-02-2023 06:52:09"", ""13-02-2023 06:52:10"", ""13-02-2023 06:52:29""]","[[""option_3"", ""13-02-2023 06:48:22""], [""option_3"", ""13-02-2023 06:52:25""]]",87
Student 16,11,option_4,1,"[""13-02-2023 06:48:22"", ""13-02-2023 06:52:25""]","[[""option_4"", ""13-02-2023 06:48:26""]]",7
Student 16,12,option_4,0,"[""13-02-2023 06:48:26""]","[[""option_4"", ""13-02-2023 06:48:40""]]",14
Student 16,13,option_2,0,"[""13-02-2023 06:48:40"", ""13-02-2023 06:52:30"", ""13-02-2023 06:52:33""]","[[""option_4"", ""13-02-2023 06:48:56""], [""option_2"", ""13-02-2023 06:52:48""]]",34
Student 16,14,option_1,0,"[""13-02-2023 06:48:56"", ""13-02-2023 06:52:48""]","[[""option_1"", ""13-02-2023 06:49:17""]]",33
Student 16,15,option_2,1,"[""13-02-2023 06:49:17""]","[[""option_2"", ""13-02-2023 06:49:34""]]",16
Student 16,16,option_3,1,"[""13-02-2023 06:49:34""]","[[""option_3"", ""13-02-2023 06:49:40""]]",6
Student 16,17,option_3,1,"[""13-02-2023 06:49:40""]","[[""option_3"", ""13-02-2023 06:49:43""]]",3
Student 16,18,option_4,0,"[""13-02-2023 06:49:43""]","[[""option_4"", ""13-02-2023 06:50:38""]]",54
Student 16,19,option_1,1,"[""13-02-2023 06:50:38""]","[[""option_1"", ""13-02-2023 06:50:49""]]",11
Student 16,20,option_2,1,"[""13-02-2023 06:50:49"", ""13-02-2023 06:51:20"", ""13-02-2023 06:51:34"", ""13-02-2023 06:51:47"", ""13-02-2023 06:51:48"", ""13-02-2023 06:53:01""]","[[""option_2"", ""13-02-2023 06:52:02""]]",82
Student 17,1,option_2,1,"[""13-02-2023 06:44:11"", ""13-02-2023 06:53:40"", ""13-02-2023 06:53:47"", ""13-02-2023 06:53:51""]","[[""option_2"", ""13-02-2023 06:44:57""]]",48
Student 17,2,option_1,0,"[""13-02-2023 06:44:58"", ""13-02-2023 06:53:42"", ""13-02-2023 06:53:45"", ""13-02-2023 06:53:46"", ""13-02-2023 06:53:48"", ""13-02-2023 06:53:53""]","[[""option_1"", ""13-02-2023 06:45:11""]]",15
Student 17,3,option_1,1,"[""13-02-2023 06:45:11"", ""13-02-2023 06:53:42"", ""13-02-2023 06:53:46""]","[[""option_1"", ""13-02-2023 06:45:17""]]",9
Student 17,4,option_2,0,"[""13-02-2023 06:45:17"", ""13-02-2023 06:53:49"", ""13-02-2023 06:53:53""]","[[""option_2"", ""13-02-2023 06:45:42""]]",28
Student 17,5,option_2,1,"[""13-02-2023 06:45:42"", ""13-02-2023 06:53:55""]","[[""option_2"", ""13-02-2023 06:45:49""]]",8
Student 17,6,option_1,1,"[""13-02-2023 06:45:50""]","[[""option_1"", ""13-02-2023 06:46:15""]]",25
Student 17,7,option_1,1,"[""13-02-2023 06:46:15"", ""13-02-2023 06:53:56""]","[[""option_1"", ""13-02-2023 06:46:56""]]",41
Student 17,8,option_3,1,"[""13-02-2023 06:46:56"", ""13-02-2023 06:53:58""]","[[""option_3"", ""13-02-2023 06:47:11""]]",15
Student 17,9,option_3,1,"[""13-02-2023 06:47:11"", ""13-02-2023 06:53:59""]","[[""option_3"", ""13-02-2023 06:47:37""]]",29
Student 17,10,option_3,0,"[""13-02-2023 06:47:37"", ""13-02-2023 06:54:04"", ""13-02-2023 06:54:08""]","[[""option_3"", ""13-02-2023 06:48:19""]]",48
Student 17,11,option_4,1,"[""13-02-2023 06:48:19"", ""13-02-2023 06:54:03"", ""13-02-2023 06:54:05"", ""13-02-2023 06:54:12""]","[[""option_4"", ""13-02-2023 06:48:26""]]",10
Student 17,12,option_4,0,"[""13-02-2023 06:48:26"", ""13-02-2023 06:54:14""]","[[""option_4"", ""13-02-2023 06:48:44""]]",19
Student 17,13,option_3,1,"[""13-02-2023 06:48:44"", ""13-02-2023 06:54:16""]","[[""option_2"", ""13-02-2023 06:49:20""], [""option_3"", ""13-02-2023 06:54:26""]]",45
Student 17,14,option_2,1,"[""13-02-2023 06:49:20"", ""13-02-2023 06:54:26""]","[[""option_2"", ""13-02-2023 06:49:44""], [""option_2"", ""13-02-2023 06:54:28""]]",25
Student 17,15,option_1,0,"[""13-02-2023 06:49:45"", ""13-02-2023 06:54:28""]","[[""option_1"", ""13-02-2023 06:50:16""], [""option_1"", ""13-02-2023 06:54:30""]]",32
Student 17,16,option_3,1,"[""13-02-2023 06:50:16"", ""13-02-2023 06:54:30""]","[[""option_3"", ""13-02-2023 06:51:20""], [""option_3"", ""13-02-2023 06:54:31""]]",62
Student 17,17,option_3,1,"[""13-02-2023 06:51:20"", ""13-02-2023 06:54:31""]","[[""option_3"", ""13-02-2023 06:51:32""], [""option_3"", ""13-02-2023 06:54:33""]]",10
Student 17,18,option_4,0,"[""13-02-2023 06:54:33""]","[[""option_4"", ""13-02-2023 06:52:26""], [""option_4"", ""13-02-2023 06:54:34""]]",60
Student 17,19,option_1,1,"[""13-02-2023 06:52:27"", ""13-02-2023 06:54:34""]","[[""option_1"", ""13-02-2023 06:53:11""], [""option_1"", ""13-02-2023 06:54:36""]]",47
Student 17,20,option_2,1,"[""13-02-2023 06:53:12"", ""13-02-2023 06:54:36""]","[[""option_2"", ""13-02-2023 06:53:32""], [""option_2"", ""13-02-2023 06:54:38""]]",35
Student 18,1,option_2,1,"[""13-02-2023 06:44:11"", ""13-02-2023 06:54:08""]","[[""option_2"", ""13-02-2023 06:45:04""]]",52
Student 18,2,option_1,0,"[""13-02-2023 06:45:04"", ""13-02-2023 06:54:06"", ""13-02-2023 06:54:09""]","[[""option_1"", ""13-02-2023 06:45:10""]]",8
Student 18,3,option_1,1,"[""13-02-2023 06:45:10"", ""13-02-2023 06:53:40"", ""13-02-2023 06:54:09""]","[[""option_1"", ""13-02-2023 06:45:17""]]",33
Student 18,4,option_2,0,"[""13-02-2023 06:45:17"", ""13-02-2023 06:53:39"", ""13-02-2023 06:54:10""]","[[""option_2"", ""13-02-2023 06:45:54""]]",37
Student 18,5,option_2,1,"[""13-02-2023 06:45:54"", ""13-02-2023 06:53:39"", ""13-02-2023 06:54:11""]","[[""option_2"", ""13-02-2023 06:46:00""]]",6
Student 18,6,option_1,1,"[""13-02-2023 06:46:00"", ""13-02-2023 06:53:39"", ""13-02-2023 06:54:12""]","[[""option_1"", ""13-02-2023 06:46:15""]]",14
Student 18,7,option_1,1,"[""13-02-2023 06:46:15"", ""13-02-2023 06:54:13""]","[[""option_1"", ""13-02-2023 06:46:54""]]",40
Student 18,8,option_3,1,"[""13-02-2023 06:46:54"", ""13-02-2023 06:54:13""]","[[""option_3"", ""13-02-2023 06:47:12""]]",16
Student 18,9,option_3,1,"[""13-02-2023 06:47:12"", ""13-02-2023 06:54:14""]","[[""option_3"", ""13-02-2023 06:47:23""]]",13
Student 18,10,option_3,0,"[""13-02-2023 06:47:23"", ""13-02-2023 06:53:39"", ""13-02-2023 06:54:15""]","[[""option_3"", ""13-02-2023 06:48:18""]]",57
Student 18,11,option_4,1,"[""13-02-2023 06:48:18"", ""13-02-2023 06:53:39"", ""13-02-2023 06:54:17""]","[[""option_4"", ""13-02-2023 06:48:28""]]",11
Student 18,13,option_2,0,"[""13-02-2023 06:48:46"", ""13-02-2023 06:53:39"", ""13-02-2023 06:54:21""]","[[""option_2"", ""13-02-2023 06:49:20""]]",39
Student 18,14,option_2,1,"[""13-02-2023 06:49:21"", ""13-02-2023 06:54:20"", ""13-02-2023 06:54:26""]","[[""option_2"", ""13-02-2023 06:49:45""]]",26
Student 18,15,option_1,0,"[""13-02-2023 06:49:45"", ""13-02-2023 06:54:27""]","[[""option_1"", ""13-02-2023 06:50:09""]]",24
Student 18,16,option_3,1,"[""13-02-2023 06:50:09"", ""13-02-2023 06:54:27""]","[[""option_3"", ""13-02-2023 06:51:20""]]",68
Student 18,17,option_3,1,"[""13-02-2023 06:51:20""]","[[""option_3"", ""13-02-2023 06:51:27""]]",10
Student 18,18,option_4,0,"[""13-02-2023 06:51:27"", ""13-02-2023 06:53:39"", ""13-02-2023 06:54:28""]","[[""option_4"", ""13-02-2023 06:52:27""]]",61
Student 18,19,option_1,1,"[""13-02-2023 06:52:27"", ""13-02-2023 06:53:38"", ""13-02-2023 06:54:28""]","[[""option_1"", ""13-02-2023 06:53:13""]]",45
Student 18,20,option_2,1,"[""13-02-2023 06:53:13"", ""13-02-2023 06:54:29""]","[[""option_2"", ""13-02-2023 06:53:31""], [""option_2"", ""13-02-2023 06:53:34""]]",29
Student 18,12,Unanswered,0,"[""13-02-2023 06:48:28"", ""13-02-2023 06:54:19""]",Unanswered,18
Student 19,1,option_2,1,"[""13-02-2023 06:44:28""]","[[""option_2"", ""13-02-2023 06:45:37""]]",68
Student 19,2,option_1,0,"[""13-02-2023 06:45:37""]","[[""option_1"", ""13-02-2023 06:45:57""]]",20
Student 19,3,option_1,1,"[""13-02-2023 06:45:57""]","[[""option_1"", ""13-02-2023 06:46:10""]]",11
Student 19,4,option_1,1,"[""13-02-2023 06:46:10""]","[[""option_1"", ""13-02-2023 06:46:57""]]",48
Student 19,5,option_2,1,"[""13-02-2023 06:46:57""]","[[""option_2"", ""13-02-2023 06:47:07""]]",9
Student 19,6,option_1,1,"[""13-02-2023 06:47:06""]","[[""option_1"", ""13-02-2023 06:47:59""]]",52
Student 19,7,option_1,1,"[""13-02-2023 06:47:59""]","[[""option_1"", ""13-02-2023 06:48:11""]]",11
Student 19,8,option_3,1,"[""13-02-2023 06:48:11"", ""13-02-2023 06:48:56""]","[[""option_3"", ""13-02-2023 06:49:07""]]",45
Student 19,9,option_3,1,"[""13-02-2023 06:48:45"", ""13-02-2023 06:49:07""]","[[""option_3"", ""13-02-2023 06:49:32""]]",34
Student 19,10,option_2,1,"[""13-02-2023 06:48:56"", ""13-02-2023 06:49:32""]","[[""option_2"", ""13-02-2023 06:49:45""]]",12
Student 19,11,option_4,1,"[""13-02-2023 06:49:45""]","[[""option_4"", ""13-02-2023 06:49:52""]]",6
Student 19,12,option_2,1,"[""13-02-2023 06:48:54"", ""13-02-2023 06:49:52""]","[[""option_2"", ""13-02-2023 06:50:11""]]",19
Student 19,13,option_1,0,"[""13-02-2023 06:48:54"", ""13-02-2023 06:48:56"", ""13-02-2023 06:50:11""]","[[""option_1"", ""13-02-2023 06:50:54""]]",42
Student 19,14,option_1,0,"[""13-02-2023 06:50:54""]","[[""option_1"", ""13-02-2023 06:51:27""]]",32
Student 19,15,option_2,1,"[""13-02-2023 06:48:55"", ""13-02-2023 06:51:27""]","[[""option_2"", ""13-02-2023 06:51:39""]]",13
Student 19,16,option_3,1,"[""13-02-2023 06:48:55"", ""13-02-2023 06:51:39""]","[[""option_3"", ""13-02-2023 06:51:51""]]",11
Student 19,17,option_3,1,"[""13-02-2023 06:51:51""]","[[""option_3"", ""13-02-2023 06:51:57""]]",6
Student 19,18,option_1,1,"[""13-02-2023 06:51:57""]","[[""option_1"", ""13-02-2023 06:52:54""]]",56
Student 19,19,option_3,0,"[""13-02-2023 06:52:54""]","[[""option_3"", ""13-02-2023 06:53:20""]]",26
Student 19,20,option_2,1,"[""13-02-2023 06:53:21""]","[[""option_2"", ""13-02-2023 06:54:19""], [""option_2"", ""13-02-2023 06:54:22""], [""option_2"", ""13-02-2023 06:54:33""]]",90
Student 20,1,option_4,0,"[""13-02-2023 06:44:11""]","[[""option_4"", ""13-02-2023 06:44:37""]]",25
Student 20,2,option_3,0,"[""13-02-2023 06:44:37""]","[[""option_3"", ""13-02-2023 06:45:35""]]",58
Student 20,3,option_1,1,"[""13-02-2023 06:45:35""]","[[""option_1"", ""13-02-2023 06:46:11""]]",35
Student 20,4,option_1,1,"[""13-02-2023 06:46:11""]","[[""option_1"", ""13-02-2023 06:46:55""]]",44
Student 20,5,option_2,1,"[""13-02-2023 06:46:55""]","[[""option_2"", ""13-02-2023 06:47:05""]]",9
Student 20,6,option_1,1,"[""13-02-2023 06:47:05""]","[[""option_1"", ""13-02-2023 06:47:46""]]",41
Student 20,7,option_1,1,"[""13-02-2023 06:47:46""]","[[""option_1"", ""13-02-2023 06:48:12""]]",25
Student 20,9,option_3,1,"[""13-02-2023 06:48:48""]","[[""option_3"", ""13-02-2023 06:49:34""]]",45
Student 20,10,option_2,1,"[""13-02-2023 06:49:33""]","[[""option_2"", ""13-02-2023 06:49:45""]]",11
Student 20,11,option_4,1,"[""13-02-2023 06:49:45""]","[[""option_4"", ""13-02-2023 06:49:52""]]",7
Student 20,12,option_2,1,"[""13-02-2023 06:49:52""]","[[""option_2"", ""13-02-2023 06:50:18""]]",25
Student 20,13,option_3,1,"[""13-02-2023 06:50:18""]","[[""option_3"", ""13-02-2023 06:50:44""]]",26
Student 20,14,option_1,0,"[""13-02-2023 06:50:44""]","[[""option_1"", ""13-02-2023 06:51:28""]]",43
Student 20,15,option_2,1,"[""13-02-2023 06:51:27""]","[[""option_2"", ""13-02-2023 06:51:39""]]",11
Student 20,16,option_3,1,"[""13-02-2023 06:51:39""]","[[""option_3"", ""13-02-2023 06:51:47""]]",8
Student 20,17,option_3,1,"[""13-02-2023 06:51:47""]","[[""option_3"", ""13-02-2023 06:51:57""]]",9
Student 20,18,option_1,1,"[""13-02-2023 06:51:57"", ""13-02-2023 06:52:56""]","[[""option_2"", ""13-02-2023 06:52:19""], [""option_1"", ""13-02-2023 06:52:57""]]",23
Student 20,19,option_3,0,"[""13-02-2023 06:52:19"", ""13-02-2023 06:52:57""]","[[""option_3"", ""13-02-2023 06:53:40""]]",79
Student 20,20,option_4,0,"[""13-02-2023 06:53:40""]","[[""option_4"", ""13-02-2023 06:53:46""], [""option_4"", ""13-02-2023 06:53:50""], [""option_4"", ""13-02-2023 06:53:51""]]",14
Student 20,8,Unanswered,0,"[""13-02-2023 06:48:12""]",Unanswered,35
Student 21,1,option_2,1,"[""13-02-2023 06:44:09""]","[[""option_2"", ""13-02-2023 06:45:04""]]",54
Student 21,2,option_2,1,"[""13-02-2023 06:45:04"", ""13-02-2023 06:46:56""]","[[""option_1"", ""13-02-2023 06:45:57""], [""option_2"", ""13-02-2023 06:46:59""]]",54
Student 21,3,option_1,1,"[""13-02-2023 06:45:57"", ""13-02-2023 06:46:59""]","[[""option_1"", ""13-02-2023 06:46:28""], [""option_1"", ""13-02-2023 06:47:06""]]",37
Student 21,4,option_1,1,"[""13-02-2023 06:46:28"", ""13-02-2023 06:47:06""]","[[""option_1"", ""13-02-2023 06:47:34""]]",56
Student 21,5,option_2,1,"[""13-02-2023 06:47:34""]","[[""option_2"", ""13-02-2023 06:47:38""]]",4
Student 21,6,option_1,1,"[""13-02-2023 06:47:38""]","[[""option_1"", ""13-02-2023 06:48:10""]]",31
Student 21,7,option_1,1,"[""13-02-2023 06:48:10"", ""13-02-2023 06:48:29""]","[[""option_1"", ""13-02-2023 06:48:25""], [""option_1"", ""13-02-2023 06:48:43""]]",28
Student 21,8,option_3,1,"[""13-02-2023 06:48:25"", ""13-02-2023 06:48:43"", ""13-02-2023 06:48:55""]","[[""option_1"", ""13-02-2023 06:48:46""], [""option_3"", ""13-02-2023 06:48:57""]]",7
Student 21,9,option_3,1,"[""13-02-2023 06:48:46"", ""13-02-2023 06:48:57""]","[[""option_3"", ""13-02-2023 06:49:18""]]",29
Student 21,10,option_2,1,"[""13-02-2023 06:49:18""]","[[""option_2"", ""13-02-2023 06:49:27""]]",8
Student 21,11,option_4,1,"[""13-02-2023 06:49:27""]","[[""option_4"", ""13-02-2023 06:49:39""]]",12
Student 21,12,option_4,0,"[""13-02-2023 06:49:39""]","[[""option_4"", ""13-02-2023 06:49:46""]]",7
Student 21,13,option_1,0,"[""13-02-2023 06:49:46""]","[[""option_1"", ""13-02-2023 06:50:30""]]",44
Student 21,14,option_1,0,"[""13-02-2023 06:50:30""]","[[""option_1"", ""13-02-2023 06:51:11""]]",40
Student 21,15,option_1,0,"[""13-02-2023 06:51:11""]","[[""option_1"", ""13-02-2023 06:51:57""]]",44
Student 21,16,option_1,0,"[""13-02-2023 06:51:57""]","[[""option_1"", ""13-02-2023 06:52:44""]]",47
Student 21,17,option_4,0,"[""13-02-2023 06:52:44""]","[[""option_4"", ""13-02-2023 06:53:05""]]",21
Student 21,18,option_1,1,"[""13-02-2023 06:53:05""]","[[""option_1"", ""13-02-2023 06:53:46""]]",40
Student 21,19,option_1,1,"[""13-02-2023 06:53:46""]","[[""option_1"", ""13-02-2023 06:53:56""]]",10
Student 21,20,option_2,1,"[""13-02-2023 06:53:56""]","[[""option_2"", ""13-02-2023 06:54:07""], [""option_2"", ""13-02-2023 06:54:09""], [""option_2"", ""13-02-2023 06:54:16""]]",21
Student 22,1,option_2,1,"[""13-02-2023 06:44:03"", ""13-02-2023 06:46:13""]","[[""option_2"", ""13-02-2023 06:44:26""], [""option_2"", ""13-02-2023 06:46:16""]]",25
Student 22,2,option_1,0,"[""13-02-2023 06:44:26"", ""13-02-2023 06:46:16""]","[[""option_1"", ""13-02-2023 06:46:27""]]",11
Student 22,3,option_1,1,"[""13-02-2023 06:46:27""]","[[""option_1"", ""13-02-2023 06:46:34""]]",7
Student 22,4,option_1,1,"[""13-02-2023 06:46:34""]","[[""option_1"", ""13-02-2023 06:46:51""]]",16
Student 22,5,option_2,1,"[""13-02-2023 06:46:51""]","[[""option_2"", ""13-02-2023 06:46:54""]]",3
Student 22,6,option_2,0,"[""13-02-2023 06:46:54""]","[[""option_2"", ""13-02-2023 06:47:14""]]",19
Student 22,7,option_1,1,"[""13-02-2023 06:47:14""]","[[""option_1"", ""13-02-2023 06:47:37""]]",23
Student 22,8,option_3,1,"[""13-02-2023 06:47:37""]","[[""option_3"", ""13-02-2023 06:48:04""]]",26
Student 22,9,option_2,0,"[""13-02-2023 06:48:04""]","[[""option_2"", ""13-02-2023 06:48:27""]]",23
Student 22,10,option_4,0,"[""13-02-2023 06:48:28""]","[[""option_4"", ""13-02-2023 06:48:59""]]",31
Student 22,11,option_4,1,"[""13-02-2023 06:48:59""]","[[""option_4"", ""13-02-2023 06:49:17""]]",18
Student 22,12,option_2,1,"[""13-02-2023 06:49:17""]","[[""option_2"", ""13-02-2023 06:49:51""]]",33
Student 22,13,option_3,1,"[""13-02-2023 06:49:51""]","[[""option_3"", ""13-02-2023 06:50:09""]]",17
Student 22,14,option_2,1,"[""13-02-2023 06:50:09""]","[[""option_2"", ""13-02-2023 06:50:55""]]",46
Student 22,15,option_2,1,"[""13-02-2023 06:50:55""]","[[""option_2"", ""13-02-2023 06:51:12""]]",16
Student 22,16,option_3,1,"[""13-02-2023 06:51:12""]","[[""option_3"", ""13-02-2023 06:51:23""]]",10
Student 22,17,option_1,0,"[""13-02-2023 06:51:23""]","[[""option_1"", ""13-02-2023 06:51:41""]]",18
Student 22,18,option_1,1,"[""13-02-2023 06:51:41""]","[[""option_1"", ""13-02-2023 06:51:58""]]",16
Student 22,19,option_1,1,"[""13-02-2023 06:51:58""]","[[""option_1"", ""13-02-2023 06:52:32""]]",34
Student 22,20,option_2,1,"[""13-02-2023 06:52:32""]","[[""option_2"", ""13-02-2023 06:53:22""]]",53
Student 23,1,option_2,1,"[""13-02-2023 06:44:09"", ""13-02-2023 06:45:39""]","[[""option_2"", ""13-02-2023 06:45:13""], [""option_2"", ""13-02-2023 06:45:42""]]",65
Student 23,2,option_2,1,"[""13-02-2023 06:45:13"", ""13-02-2023 06:45:42"", ""13-02-2023 06:47:03""]","[[""option_1"", ""13-02-2023 06:46:14""], [""option_2"", ""13-02-2023 06:47:11""]]",38
Student 23,3,option_1,1,"[""13-02-2023 06:46:14"", ""13-02-2023 06:47:00"", ""13-02-2023 06:47:02"", ""13-02-2023 06:47:11""]","[[""option_1"", ""13-02-2023 06:46:31""], [""option_1"", ""13-02-2023 06:47:12""]]",19
Student 23,4,option_1,1,"[""13-02-2023 06:46:31"", ""13-02-2023 06:47:12""]","[[""option_1"", ""13-02-2023 06:47:34""]]",51
Student 23,5,option_2,1,"[""13-02-2023 06:47:01"", ""13-02-2023 06:47:34""]","[[""option_2"", ""13-02-2023 06:47:41""]]",7
Student 23,6,option_1,1,"[""13-02-2023 06:47:02"", ""13-02-2023 06:47:41""]","[[""option_1"", ""13-02-2023 06:48:11""]]",29
Student 23,7,option_2,0,"[""13-02-2023 06:48:11""]","[[""option_2"", ""13-02-2023 06:48:38""]]",27
Student 23,8,option_3,1,"[""13-02-2023 06:47:02"", ""13-02-2023 06:48:38"", ""13-02-2023 06:48:52""]","[[""option_1"", ""13-02-2023 06:48:50""], [""option_3"", ""13-02-2023 06:48:59""]]",17
Student 23,9,option_2,0,"[""13-02-2023 06:48:50"", ""13-02-2023 06:48:59""]","[[""option_2"", ""13-02-2023 06:49:24""]]",26
Student 23,10,option_2,1,"[""13-02-2023 06:49:24""]","[[""option_2"", ""13-02-2023 06:49:33""]]",9
Student 23,11,option_4,1,"[""13-02-2023 06:49:33""]","[[""option_4"", ""13-02-2023 06:49:40""]]",6
Student 23,12,option_4,0,"[""13-02-2023 06:49:40""]","[[""option_4"", ""13-02-2023 06:49:49""]]",9
Student 23,13,option_3,1,"[""13-02-2023 06:49:49""]","[[""option_3"", ""13-02-2023 06:50:36""]]",47
Student 23,14,option_1,0,"[""13-02-2023 06:50:36""]","[[""option_1"", ""13-02-2023 06:51:13""]]",36
Student 23,15,option_2,1,"[""13-02-2023 06:51:13""]","[[""option_2"", ""13-02-2023 06:52:05""]]",49
Student 23,16,option_1,0,"[""13-02-2023 06:52:05""]","[[""option_1"", ""13-02-2023 06:52:46""]]",42
Student 23,17,option_3,1,"[""13-02-2023 06:52:46""]","[[""option_3"", ""13-02-2023 06:53:03""]]",17
Student 23,18,option_4,0,"[""13-02-2023 06:53:03""]","[[""option_4"", ""13-02-2023 06:53:56""]]",52
Student 23,19,option_1,1,"[""13-02-2023 06:53:56""]","[[""option_1"", ""13-02-2023 06:53:58""]]",2
Student 23,20,option_2,1,"[""13-02-2023 06:53:58""]","[[""option_2"", ""13-02-2023 06:54:09""], [""option_2"", ""13-02-2023 06:54:12""]]",17
Student 24,1,option_2,1,"[""13-02-2023 06:44:16""]","[[""option_2"", ""13-02-2023 06:46:05""]]",107
Student 24,2,option_2,1,"[""13-02-2023 06:46:09""]","[[""option_2"", ""13-02-2023 06:46:47""]]",43
Student 24,3,option_1,1,"[""13-02-2023 06:46:47""]","[[""option_1"", ""13-02-2023 06:47:04""]]",16
Student 24,4,option_1,1,"[""13-02-2023 06:47:04""]","[[""option_1"", ""13-02-2023 06:47:28""]]",23
Student 24,5,option_2,1,"[""13-02-2023 06:47:28""]","[[""option_2"", ""13-02-2023 06:47:32""]]",4
Student 24,6,option_1,1,"[""13-02-2023 06:47:32""]","[[""option_1"", ""13-02-2023 06:48:13""]]",40
Student 24,7,option_1,1,"[""13-02-2023 06:48:13""]","[[""option_1"", ""13-02-2023 06:48:25""]]",11
Student 24,8,option_3,1,"[""13-02-2023 06:48:25"", ""13-02-2023 06:49:52""]","[[""option_3"", ""13-02-2023 06:49:04""]]",40
Student 24,9,option_2,0,"[""13-02-2023 06:49:04"", ""13-02-2023 06:49:51""]","[[""option_2"", ""13-02-2023 06:49:23""]]",20
Student 24,10,option_2,1,"[""13-02-2023 06:49:23"", ""13-02-2023 06:49:50"", ""13-02-2023 06:49:54""]","[[""option_2"", ""13-02-2023 06:49:38""]]",15
Student 24,11,option_4,1,"[""13-02-2023 06:49:38"", ""13-02-2023 06:49:56""]","[[""option_4"", ""13-02-2023 06:50:05""]]",20
Student 24,12,option_2,1,"[""13-02-2023 06:50:05""]","[[""option_2"", ""13-02-2023 06:50:33""]]",28
Student 24,13,option_3,1,"[""13-02-2023 06:50:33""]","[[""option_3"", ""13-02-2023 06:50:36""]]",3
Student 24,14,option_2,1,"[""13-02-2023 06:50:36""]","[[""option_2"", ""13-02-2023 06:50:58""]]",21
Student 24,15,option_2,1,"[""13-02-2023 06:50:58""]","[[""option_2"", ""13-02-2023 06:51:04""]]",5
Student 24,16,option_3,1,"[""13-02-2023 06:51:04""]","[[""option_3"", ""13-02-2023 06:51:11""]]",7
Student 24,17,option_3,1,"[""13-02-2023 06:51:11""]","[[""option_3"", ""13-02-2023 06:51:14""]]",2
Student 24,18,option_1,1,"[""13-02-2023 06:51:14""]","[[""option_1"", ""13-02-2023 06:51:27""]]",13
Student 24,19,option_3,0,"[""13-02-2023 06:51:27""]","[[""option_3"", ""13-02-2023 06:51:38""]]",10
Student 24,20,option_2,1,"[""13-02-2023 06:51:38""]","[[""option_2"", ""13-02-2023 06:51:57""], [""option_2"", ""13-02-2023 06:52:00""]]",23
Student 25,1,option_2,1,"[""13-02-2023 06:44:14""]","[[""option_2"", ""13-02-2023 06:46:07""]]",109
Student 25,2,option_2,1,"[""13-02-2023 06:46:07""]","[[""option_2"", ""13-02-2023 06:47:04""]]",48
Student 25,3,option_1,1,"[""13-02-2023 06:47:05""]","[[""option_1"", ""13-02-2023 06:47:12""]]",19
Student 25,4,option_1,1,"[""13-02-2023 06:47:12"", ""13-02-2023 06:48:49""]","[[""option_1"", ""13-02-2023 06:48:18""]]",55
Student 25,5,option_2,1,"[""13-02-2023 06:48:18""]","[[""option_2"", ""13-02-2023 06:48:30""]]",23
Student 25,8,option_3,1,"[""13-02-2023 06:48:50"", ""13-02-2023 06:55:55""]","[[""option_3"", ""13-02-2023 06:49:56""], [""option_3"", ""13-02-2023 06:55:57""]]",66
Student 25,9,option_2,0,"[""13-02-2023 06:49:56"", ""13-02-2023 06:56:05""]","[[""option_2"", ""13-02-2023 06:50:15""], [""option_2"", ""13-02-2023 06:56:05""], [""option_2"", ""13-02-2023 06:56:06""]]",18
Student 25,10,option_2,1,"[""13-02-2023 06:50:15"", ""13-02-2023 06:56:05""]","[[""option_2"", ""13-02-2023 06:50:43""], [""option_2"", ""13-02-2023 06:56:13""]]",28
Student 25,11,option_4,1,"[""13-02-2023 06:50:43"", ""13-02-2023 06:56:13""]","[[""option_4"", ""13-02-2023 06:51:08""], [""option_4"", ""13-02-2023 06:56:14""], [""option_4"", ""13-02-2023 06:56:14""]]",24
Student 25,12,option_2,1,"[""13-02-2023 06:51:08"", ""13-02-2023 06:56:14""]","[[""option_2"", ""13-02-2023 06:52:10""], [""option_2"", ""13-02-2023 06:56:15""]]",61
Student 25,13,option_3,1,"[""13-02-2023 06:52:10"", ""13-02-2023 06:56:15""]","[[""option_3"", ""13-02-2023 06:52:48""], [""option_3"", ""13-02-2023 06:56:15""], [""option_3"", ""13-02-2023 06:56:16""]]",37
Student 25,14,option_2,1,"[""13-02-2023 06:52:48"", ""13-02-2023 06:56:15""]","[[""option_2"", ""13-02-2023 06:52:55""], [""option_2"", ""13-02-2023 06:56:16""]]",8
Student 25,15,option_2,1,"[""13-02-2023 06:52:55"", ""13-02-2023 06:56:16""]","[[""option_2"", ""13-02-2023 06:53:04""], [""option_2"", ""13-02-2023 06:56:17""], [""option_2"", ""13-02-2023 06:56:18""]]",7
Student 25,16,option_3,1,"[""13-02-2023 06:53:04"", ""13-02-2023 06:56:18""]","[[""option_3"", ""13-02-2023 06:53:23""], [""option_3"", ""13-02-2023 06:56:18""]]",19
Student 25,17,option_4,0,"[""13-02-2023 06:53:23"", ""13-02-2023 06:56:18""]","[[""option_4"", ""13-02-2023 06:53:39""], [""option_4"", ""13-02-2023 06:56:19""], [""option_4"", ""13-02-2023 06:56:28""]]",16
Student 25,18,option_1,1,"[""13-02-2023 06:53:39"", ""13-02-2023 06:56:19""]","[[""option_1"", ""13-02-2023 06:54:04""], [""option_1"", ""13-02-2023 06:56:20""]]",25
Student 25,19,option_3,0,"[""13-02-2023 06:54:04"", ""13-02-2023 06:56:20""]","[[""option_3"", ""13-02-2023 06:54:37""], [""option_3"", ""13-02-2023 06:56:22""]]",34
Student 25,6,option_1,1,"[""13-02-2023 06:48:30"", ""13-02-2023 06:55:14""]","[[""option_1"", ""13-02-2023 06:55:26""]]",30
Student 25,7,option_1,1,"[""13-02-2023 06:55:26""]","[[""option_1"", ""13-02-2023 06:55:55""]]",28
Student 25,20,option_2,1,"[""13-02-2023 06:54:37"", ""13-02-2023 06:56:22""]","[[""option_2"", ""13-02-2023 06:56:25""]]",43
Student 26,1,option_2,1,"[""13-02-2023 06:44:08"", ""13-02-2023 06:44:08"", ""13-02-2023 06:50:43""]","[[""option_2"", ""13-02-2023 06:44:19""], [""option_2"", ""13-02-2023 06:44:20""], [""option_2"", ""13-02-2023 06:50:45""]]",26
Student 26,3,option_1,1,"[""13-02-2023 06:44:57"", ""13-02-2023 06:45:09"", ""13-02-2023 06:50:41"", ""13-02-2023 06:50:44"", ""13-02-2023 06:51:06"", ""13-02-2023 06:51:08""]","[[""option_1"", ""13-02-2023 06:45:18""], [""option_1"", ""13-02-2023 06:45:19""], [""option_1"", ""13-02-2023 06:51:08""], [""option_1"", ""13-02-2023 06:51:08""]]",31
Student 26,4,option_1,1,"[""13-02-2023 06:44:55"", ""13-02-2023 06:45:18"", ""13-02-2023 06:45:18"", ""13-02-2023 06:50:43"", ""13-02-2023 06:51:08"", ""13-02-2023 06:51:09""]","[[""option_1"", ""13-02-2023 06:45:49""], [""option_1"", ""13-02-2023 06:45:51""], [""option_1"", ""13-02-2023 06:51:08""], [""option_1"", ""13-02-2023 06:51:09""], [""option_1"", ""13-02-2023 06:51:09""], [""option_1"", ""13-02-2023 06:51:09""]]",65
Student 26,5,option_2,1,"[""13-02-2023 06:45:49"", ""13-02-2023 06:45:51"", ""13-02-2023 06:51:08"", ""13-02-2023 06:51:09""]","[[""option_2"", ""13-02-2023 06:45:56""], [""option_2"", ""13-02-2023 06:45:56""], [""option_2"", ""13-02-2023 06:51:09""], [""option_2"", ""13-02-2023 06:51:12""]]",11
Student 26,6,option_1,1,"[""13-02-2023 06:45:56"", ""13-02-2023 06:45:56"", ""13-02-2023 06:51:09"", ""13-02-2023 06:51:12"", ""13-02-2023 06:52:34""]","[[""option_1"", ""13-02-2023 06:46:33""], [""option_1"", ""13-02-2023 06:46:33""], [""option_1"", ""13-02-2023 06:51:10""], [""option_1"", ""13-02-2023 06:51:10""], [""option_1"", ""13-02-2023 06:51:13""], [""option_1"", ""13-02-2023 06:51:13""]]",74
Student 26,8,option_3,1,"[""13-02-2023 06:47:00"", ""13-02-2023 06:47:11"", ""13-02-2023 06:52:02"", ""13-02-2023 06:52:03"", ""13-02-2023 06:52:33"", ""13-02-2023 06:52:44"", ""13-02-2023 06:52:47""]","[[""option_3"", ""13-02-2023 06:47:16""], [""option_3"", ""13-02-2023 06:47:17""], [""option_3"", ""13-02-2023 06:52:04""], [""option_3"", ""13-02-2023 06:52:05""], [""option_3"", ""13-02-2023 06:52:49""]]",28
Student 26,9,option_3,1,"[""13-02-2023 06:47:16"", ""13-02-2023 06:47:16"", ""13-02-2023 06:52:04"", ""13-02-2023 06:52:05"", ""13-02-2023 06:52:40"", ""13-02-2023 06:52:49""]","[[""option_3"", ""13-02-2023 06:47:23""], [""option_3"", ""13-02-2023 06:47:26""], [""option_3"", ""13-02-2023 06:52:06""], [""option_3"", ""13-02-2023 06:52:06""], [""option_3"", ""13-02-2023 06:52:07""], [""option_3"", ""13-02-2023 06:52:51""]]",22
Student 26,11,option_4,1,"[""13-02-2023 06:47:47"", ""13-02-2023 06:47:54"", ""13-02-2023 06:48:10"", ""13-02-2023 06:50:42"", ""13-02-2023 06:52:59"", ""13-02-2023 06:53:01""]","[[""option_4"", ""13-02-2023 06:48:03""], [""option_4"", ""13-02-2023 06:48:13""], [""option_4"", ""13-02-2023 06:53:00""], [""option_4"", ""13-02-2023 06:53:02""], [""option_4"", ""13-02-2023 06:53:02""]]",14
Student 26,12,option_4,0,"[""13-02-2023 06:48:03"", ""13-02-2023 06:48:13"", ""13-02-2023 06:53:00"", ""13-02-2023 06:53:02""]","[[""option_4"", ""13-02-2023 06:48:37""], [""option_4"", ""13-02-2023 06:48:38""], [""option_4"", ""13-02-2023 06:53:01""], [""option_4"", ""13-02-2023 06:53:01""], [""option_4"", ""13-02-2023 06:53:03""]]",57
Student 26,13,option_3,1,"[""13-02-2023 06:48:37"", ""13-02-2023 06:48:37"", ""13-02-2023 06:53:01"", ""13-02-2023 06:53:03""]","[[""option_3"", ""13-02-2023 06:48:47""], [""option_3"", ""13-02-2023 06:48:47""], [""option_3"", ""13-02-2023 06:53:02""], [""option_3"", ""13-02-2023 06:53:03""], [""option_3"", ""13-02-2023 06:53:04""]]",20
Student 26,14,option_2,1,"[""13-02-2023 06:48:47"", ""13-02-2023 06:48:47"", ""13-02-2023 06:53:02"", ""13-02-2023 06:53:03""]","[[""option_2"", ""13-02-2023 06:49:22""], [""option_2"", ""13-02-2023 06:49:23""], [""option_2"", ""13-02-2023 06:53:04""], [""option_2"", ""13-02-2023 06:53:05""]]",71
Student 26,15,option_2,1,"[""13-02-2023 06:49:22"", ""13-02-2023 06:49:23"", ""13-02-2023 06:50:42"", ""13-02-2023 06:53:04"", ""13-02-2023 06:53:05""]","[[""option_2"", ""13-02-2023 06:49:31""], [""option_2"", ""13-02-2023 06:49:31""], [""option_2"", ""13-02-2023 06:53:06""], [""option_2"", ""13-02-2023 06:53:06""], [""option_2"", ""13-02-2023 06:53:06""]]",15
Student 26,16,option_3,1,"[""13-02-2023 06:49:31"", ""13-02-2023 06:49:31"", ""13-02-2023 06:53:06"", ""13-02-2023 06:53:06""]","[[""option_3"", ""13-02-2023 06:49:35""], [""option_3"", ""13-02-2023 06:49:36""], [""option_3"", ""13-02-2023 06:53:06""], [""option_3"", ""13-02-2023 06:53:06""], [""option_3"", ""13-02-2023 06:53:07""]]",9
Student 26,17,option_3,1,"[""13-02-2023 06:49:36"", ""13-02-2023 06:49:36"", ""13-02-2023 06:53:06"", ""13-02-2023 06:53:07""]","[[""option_3"", ""13-02-2023 06:49:39""], [""option_3"", ""13-02-2023 06:49:39""], [""option_3"", ""13-02-2023 06:53:07""], [""option_3"", ""13-02-2023 06:53:07""], [""option_3"", ""13-02-2023 06:53:08""]]",6
Student 26,18,option_1,1,"[""13-02-2023 06:49:38"", ""13-02-2023 06:49:39"", ""13-02-2023 06:50:42"", ""13-02-2023 06:53:07"", ""13-02-2023 06:53:08""]","[[""option_1"", ""13-02-2023 06:49:58""], [""option_1"", ""13-02-2023 06:49:59""], [""option_1"", ""13-02-2023 06:53:08""], [""option_1"", ""13-02-2023 06:53:08""]]",40
Student 26,19,option_1,1,"[""13-02-2023 06:49:58"", ""13-02-2023 06:49:59"", ""13-02-2023 06:50:42"", ""13-02-2023 06:53:08"", ""13-02-2023 06:53:08""]","[[""option_1"", ""13-02-2023 06:50:06""], [""option_1"", ""13-02-2023 06:50:08""], [""option_1"", ""13-02-2023 06:53:09""], [""option_1"", ""13-02-2023 06:53:09""], [""option_1"", ""13-02-2023 06:53:10""]]",16
Student 26,20,option_2,1,"[""13-02-2023 06:50:06"", ""13-02-2023 06:50:08"", ""13-02-2023 06:53:09"", ""13-02-2023 06:53:10""]","[[""option_2"", ""13-02-2023 06:50:37""], [""option_2"", ""13-02-2023 06:50:38""], [""option_2"", ""13-02-2023 06:53:11""]]",74
Student 26,2,option_2,1,"[""13-02-2023 06:44:19"", ""13-02-2023 06:44:21"", ""13-02-2023 06:44:56"", ""13-02-2023 06:50:42"", ""13-02-2023 06:50:46"", ""13-02-2023 06:50:46""]","[[""option_1"", ""13-02-2023 06:51:06""], [""option_2"", ""13-02-2023 06:51:08""]]",126
Student 26,7,option_2,0,"[""13-02-2023 06:46:33"", ""13-02-2023 06:46:33"", ""13-02-2023 06:50:43"", ""13-02-2023 06:51:10"", ""13-02-2023 06:51:13"", ""13-02-2023 06:52:35"", ""13-02-2023 06:52:43""]","[[""option_2"", ""13-02-2023 06:52:01""], [""option_2"", ""13-02-2023 06:52:03""]]",114
Student 26,10,option_2,1,"[""13-02-2023 06:47:23"", ""13-02-2023 06:47:26"", ""13-02-2023 06:47:52"", ""13-02-2023 06:52:06"", ""13-02-2023 06:52:06"", ""13-02-2023 06:52:46"", ""13-02-2023 06:52:51""]","[[""option_2"", ""13-02-2023 06:52:59""], [""option_2"", ""13-02-2023 06:53:01""]]",153
Student 27,1,option_2,1,"[""13-02-2023 06:44:09""]","[[""option_2"", ""13-02-2023 06:44:22""]]",13
Student 27,3,option_1,1,"[""13-02-2023 06:45:14"", ""13-02-2023 06:51:13""]","[[""option_1"", ""13-02-2023 06:45:21""]]",6
Student 27,4,option_1,1,"[""13-02-2023 06:45:21"", ""13-02-2023 06:50:50""]","[[""option_1"", ""13-02-2023 06:45:56""]]",35
Student 27,5,option_2,1,"[""13-02-2023 06:45:56"", ""13-02-2023 06:50:52"", ""13-02-2023 06:51:37""]","[[""option_2"", ""13-02-2023 06:46:38""]]",41
Student 27,6,option_1,1,"[""13-02-2023 06:46:38"", ""13-02-2023 06:50:53""]","[[""option_1"", ""13-02-2023 06:47:17""]]",40
Student 27,13,option_3,1,"[""13-02-2023 06:48:46"", ""13-02-2023 06:48:59"", ""13-02-2023 06:51:34"", ""13-02-2023 06:53:32"", ""13-02-2023 06:53:39"", ""13-02-2023 06:54:16""]","[[""option_3"", ""13-02-2023 06:48:50""], [""option_3"", ""13-02-2023 06:53:40""]]",9
Student 27,14,option_2,1,"[""13-02-2023 06:48:50"", ""13-02-2023 06:49:00"", ""13-02-2023 06:49:26"", ""13-02-2023 06:49:30"", ""13-02-2023 06:51:33"", ""13-02-2023 06:53:40"", ""13-02-2023 06:54:17"", ""13-02-2023 06:55:05""]","[[""option_2"", ""13-02-2023 06:49:28""], [""option_2"", ""13-02-2023 06:49:32""], [""option_2"", ""13-02-2023 06:53:44""]]",40
Student 27,16,option_3,1,"[""13-02-2023 06:49:35"", ""13-02-2023 06:54:03"", ""13-02-2023 06:55:07""]","[[""option_3"", ""13-02-2023 06:49:39""], [""option_3"", ""13-02-2023 06:54:06""]]",9
Student 27,17,option_3,1,"[""13-02-2023 06:49:39"", ""13-02-2023 06:54:06"", ""13-02-2023 06:55:08""]","[[""option_3"", ""13-02-2023 06:49:42""], [""option_3"", ""13-02-2023 06:54:08""]]",5
Student 27,18,option_1,1,"[""13-02-2023 06:49:42"", ""13-02-2023 06:54:08"", ""13-02-2023 06:54:19"", ""13-02-2023 06:55:09""]","[[""option_1"", ""13-02-2023 06:50:17""], [""option_1"", ""13-02-2023 06:54:09""]]",37
Student 27,2,option_1,0,"[""13-02-2023 06:44:22"", ""13-02-2023 06:51:02""]","[[""option_1"", ""13-02-2023 06:51:13""]]",63
Student 27,7,option_2,0,"[""13-02-2023 06:47:17"", ""13-02-2023 06:50:53"", ""13-02-2023 06:51:14"", ""13-02-2023 06:51:37"", ""13-02-2023 06:52:15""]","[[""option_2"", ""13-02-2023 06:52:39""]]",89
Student 27,8,option_3,1,"[""13-02-2023 06:47:33"", ""13-02-2023 06:52:00"", ""13-02-2023 06:52:39""]","[[""option_3"", ""13-02-2023 06:52:47""]]",31
Student 27,9,option_3,1,"[""13-02-2023 06:48:16"", ""13-02-2023 06:52:47""]","[[""option_3"", ""13-02-2023 06:52:52""]]",10
Student 27,10,option_2,1,"[""13-02-2023 06:47:43"", ""13-02-2023 06:48:25"", ""13-02-2023 06:52:52"", ""13-02-2023 06:54:14""]","[[""option_2"", ""13-02-2023 06:53:00""]]",43
Student 27,11,option_4,1,"[""13-02-2023 06:48:22"", ""13-02-2023 06:53:00"", ""13-02-2023 06:55:01""]","[[""option_4"", ""13-02-2023 06:53:15""]]",16
Student 27,12,option_4,0,"[""13-02-2023 06:48:26"", ""13-02-2023 06:51:34"", ""13-02-2023 06:53:15"", ""13-02-2023 06:53:34"", ""13-02-2023 06:54:15"", ""13-02-2023 06:55:05""]","[[""option_4"", ""13-02-2023 06:53:39""]]",43
Student 27,15,option_2,1,"[""13-02-2023 06:49:25"", ""13-02-2023 06:49:28"", ""13-02-2023 06:49:32"", ""13-02-2023 06:53:44"", ""13-02-2023 06:55:07""]","[[""option_2"", ""13-02-2023 06:54:03""]]",24
Student 27,19,option_2,0,"[""13-02-2023 06:50:17"", ""13-02-2023 06:54:09"", ""13-02-2023 06:54:20"", ""13-02-2023 06:55:10"", ""13-02-2023 06:55:28""]","[[""option_2"", ""13-02-2023 06:54:32""]]",39
Student 27,20,option_3,0,"[""13-02-2023 06:50:38"", ""13-02-2023 06:54:32"", ""13-02-2023 06:55:11"", ""13-02-2023 06:55:30""]","[[""option_3"", ""13-02-2023 06:55:37""], [""option_3"", ""13-02-2023 06:55:41""]]",69
Student 28,1,option_2,1,"[""13-02-2023 06:44:15""]","[[""option_2"", ""13-02-2023 06:44:26""]]",10
Student 28,2,option_1,0,"[""13-02-2023 06:44:26""]","[[""option_1"", ""13-02-2023 06:45:13""]]",47
Student 28,3,option_1,1,"[""13-02-2023 06:45:13""]","[[""option_1"", ""13-02-2023 06:45:25""]]",11
Student 28,4,option_1,1,"[""13-02-2023 06:45:25""]","[[""option_1"", ""13-02-2023 06:46:03""]]",38
Student 28,5,option_2,1,"[""13-02-2023 06:46:04""]","[[""option_2"", ""13-02-2023 06:46:38""]]",35
Student 28,6,option_1,1,"[""13-02-2023 06:46:39"", ""13-02-2023 06:51:42"", ""13-02-2023 06:52:39""]","[[""option_1"", ""13-02-2023 06:47:13""]]",34
Student 28,7,option_2,0,"[""13-02-2023 06:47:13"", ""13-02-2023 06:50:08"", ""13-02-2023 06:51:43"", ""13-02-2023 06:52:39"", ""13-02-2023 06:52:45""]","[[""option_2"", ""13-02-2023 06:48:32""]]",90
Student 28,8,option_3,1,"[""13-02-2023 06:48:32"", ""13-02-2023 06:49:18"", ""13-02-2023 06:51:52"", ""13-02-2023 06:52:42""]","[[""option_3"", ""13-02-2023 06:48:42""]]",39
Student 28,9,option_2,0,"[""13-02-2023 06:48:42"", ""13-02-2023 06:49:18"", ""13-02-2023 06:49:19"", ""13-02-2023 06:50:23"", ""13-02-2023 06:52:19"", ""13-02-2023 06:52:46""]","[[""option_3"", ""13-02-2023 06:49:14""], [""option_2"", ""13-02-2023 06:49:30""]]",50
Student 28,10,option_2,1,"[""13-02-2023 06:49:14"", ""13-02-2023 06:49:30"", ""13-02-2023 06:50:09"", ""13-02-2023 06:52:20"", ""13-02-2023 06:52:27"", ""13-02-2023 06:52:52""]","[[""option_2"", ""13-02-2023 06:49:47""]]",42
Student 28,11,option_4,1,"[""13-02-2023 06:49:47"", ""13-02-2023 06:50:11"", ""13-02-2023 06:50:24"", ""13-02-2023 06:52:22"", ""13-02-2023 06:53:01""]","[[""option_4"", ""13-02-2023 06:50:51""]]",55
Student 28,13,option_3,1,"[""13-02-2023 06:53:32""]","[[""option_3"", ""13-02-2023 06:53:44""]]",12
Student 28,14,option_2,1,"[""13-02-2023 06:53:44""]","[[""option_2"", ""13-02-2023 06:54:19""]]",34
Student 28,15,option_2,1,"[""13-02-2023 06:54:19"", ""13-02-2023 06:55:08"", ""13-02-2023 06:55:10""]","[[""option_1"", ""13-02-2023 06:54:33""], [""option_2"", ""13-02-2023 06:55:10""]]",15
Student 28,16,option_3,1,"[""13-02-2023 06:54:33"", ""13-02-2023 06:55:10""]","[[""option_3"", ""13-02-2023 06:55:13""]]",35
Student 28,17,option_3,1,"[""13-02-2023 06:50:16"", ""13-02-2023 06:55:09"", ""13-02-2023 06:55:13""]","[[""option_3"", ""13-02-2023 06:55:16""]]",4
Student 28,18,option_1,1,"[""13-02-2023 06:49:56"", ""13-02-2023 06:50:17"", ""13-02-2023 06:55:16"", ""13-02-2023 06:55:22""]","[[""option_1"", ""13-02-2023 06:55:20""], [""option_1"", ""13-02-2023 06:55:25""]]",25
Student 28,19,option_1,1,"[""13-02-2023 06:55:20"", ""13-02-2023 06:55:25""]","[[""option_1"", ""13-02-2023 06:55:34""]]",10
Student 28,20,option_2,1,"[""13-02-2023 06:55:34""]","[[""option_2"", ""13-02-2023 06:56:01""]]",29
Student 28,12,Unanswered,0,"[""13-02-2023 06:50:10"", ""13-02-2023 06:50:51"", ""13-02-2023 06:53:12""]",Unanswered,72
Student 29,1,option_2,1,"[""13-02-2023 06:43:49""]","[[""option_2"", ""13-02-2023 06:44:24""]]",35
Student 29,2,option_1,0,"[""13-02-2023 06:44:24""]","[[""option_1"", ""13-02-2023 06:45:12""]]",47
Student 29,3,option_1,1,"[""13-02-2023 06:45:12""]","[[""option_1"", ""13-02-2023 06:45:42""]]",29
Student 29,4,option_1,1,"[""13-02-2023 06:45:41""]","[[""option_1"", ""13-02-2023 06:46:10""]]",25
Student 29,5,option_2,1,"[""13-02-2023 06:46:10""]","[[""option_2"", ""13-02-2023 06:46:50""]]",42
Student 29,6,option_2,0,"[""13-02-2023 06:46:50""]","[[""option_2"", ""13-02-2023 06:47:18""]]",28
Student 29,7,option_1,1,"[""13-02-2023 06:47:18""]","[[""option_1"", ""13-02-2023 06:47:36""]]",17
Student 29,8,option_3,1,"[""13-02-2023 06:47:36""]","[[""option_3"", ""13-02-2023 06:48:07""]]",30
Student 29,9,option_2,0,"[""13-02-2023 06:48:07""]","[[""option_2"", ""13-02-2023 06:48:24""]]",17
Student 29,10,option_4,0,"[""13-02-2023 06:48:25""]","[[""option_4"", ""13-02-2023 06:49:00""]]",34
Student 29,11,option_4,1,"[""13-02-2023 06:48:59""]","[[""option_4"", ""13-02-2023 06:49:17""]]",17
Student 29,12,option_2,1,"[""13-02-2023 06:49:17""]","[[""option_2"", ""13-02-2023 06:49:48""]]",31
Student 29,13,option_3,1,"[""13-02-2023 06:49:48""]","[[""option_3"", ""13-02-2023 06:50:08""]]",19
Student 29,14,option_2,1,"[""13-02-2023 06:50:08""]","[[""option_2"", ""13-02-2023 06:50:46""]]",38
Student 29,15,option_2,1,"[""13-02-2023 06:50:46""]","[[""option_2"", ""13-02-2023 06:51:12""]]",26
Student 29,16,option_3,1,"[""13-02-2023 06:51:12""]","[[""option_3"", ""13-02-2023 06:51:22""]]",10
Student 29,17,option_1,0,"[""13-02-2023 06:51:23""]","[[""option_1"", ""13-02-2023 06:51:42""]]",19
Student 29,18,option_1,1,"[""13-02-2023 06:51:42""]","[[""option_1"", ""13-02-2023 06:51:58""]]",15
Student 29,19,option_1,1,"[""13-02-2023 06:51:58""]","[[""option_1"", ""13-02-2023 06:52:32""]]",34
Student 29,20,option_2,1,"[""13-02-2023 06:52:32""]","[[""option_2"", ""13-02-2023 06:52:59""], [""option_2"", ""13-02-2023 06:53:01""], [""option_2"", ""13-02-2023 06:53:07""], [""option_2"", ""13-02-2023 06:53:16""]]",46
Student 30,1,option_2,1,"[""13-02-2023 06:44:18""]","[[""option_2"", ""13-02-2023 06:44:32""]]",14
Student 30,2,option_2,1,"[""13-02-2023 06:44:32""]","[[""option_2"", ""13-02-2023 06:45:05""]]",32
Student 30,3,option_1,1,"[""13-02-2023 06:45:05""]","[[""option_1"", ""13-02-2023 06:45:11""]]",6
Student 30,4,option_1,1,"[""13-02-2023 06:45:11""]","[[""option_1"", ""13-02-2023 06:45:55""]]",43
Student 30,5,option_2,1,"[""13-02-2023 06:45:55""]","[[""option_2"", ""13-02-2023 06:46:00""]]",5
Student 30,6,option_1,1,"[""13-02-2023 06:46:01""]","[[""option_1"", ""13-02-2023 06:46:14""]]",13
Student 30,7,option_1,1,"[""13-02-2023 06:46:14""]","[[""option_1"", ""13-02-2023 06:46:27""]]",13
Student 30,8,option_3,1,"[""13-02-2023 06:46:27""]","[[""option_3"", ""13-02-2023 06:46:40""]]",12
Student 30,9,option_3,1,"[""13-02-2023 06:46:40""]","[[""option_3"", ""13-02-2023 06:46:53""]]",12
Student 30,10,option_3,0,"[""13-02-2023 06:46:53""]","[[""option_3"", ""13-02-2023 06:47:14""]]",21
Student 30,11,option_4,1,"[""13-02-2023 06:47:14""]","[[""option_4"", ""13-02-2023 06:47:22""]]",7
Student 30,12,option_2,1,"[""13-02-2023 06:47:22""]","[[""option_2"", ""13-02-2023 06:47:30""]]",8
Student 30,13,option_4,0,"[""13-02-2023 06:47:30""]","[[""option_4"", ""13-02-2023 06:47:47""]]",16
Student 30,14,option_2,1,"[""13-02-2023 06:47:47""]","[[""option_2"", ""13-02-2023 06:48:24""]]",37
Student 30,15,option_2,1,"[""13-02-2023 06:48:24""]","[[""option_2"", ""13-02-2023 06:48:32""]]",7
Student 30,16,option_3,1,"[""13-02-2023 06:48:32""]","[[""option_3"", ""13-02-2023 06:48:37""]]",4
Student 30,17,option_3,1,"[""13-02-2023 06:48:37""]","[[""option_3"", ""13-02-2023 06:48:43""]]",5
Student 30,18,option_1,1,"[""13-02-2023 06:48:43""]","[[""option_1"", ""13-02-2023 06:48:51""]]",8
Student 30,19,option_1,1,"[""13-02-2023 06:48:51""]","[[""option_1"", ""13-02-2023 06:49:02""]]",10
Student 30,20,option_2,1,"[""13-02-2023 06:49:02""]","[[""option_2"", ""13-02-2023 06:49:12""], [""option_2"", ""13-02-2023 06:49:14""]]",18
Student 31,1,option_2,1,"[""13-02-2023 06:44:19""]","[[""option_2"", ""13-02-2023 06:44:32""]]",12
Student 31,2,option_2,1,"[""13-02-2023 06:44:32""]","[[""option_2"", ""13-02-2023 06:45:06""]]",33
Student 31,3,option_1,1,"[""13-02-2023 06:45:05""]","[[""option_1"", ""13-02-2023 06:45:11""]]",6
Student 31,4,option_1,1,"[""13-02-2023 06:45:11""]","[[""option_1"", ""13-02-2023 06:45:57""]]",44
Student 31,5,option_2,1,"[""13-02-2023 06:45:57""]","[[""option_2"", ""13-02-2023 06:46:01""]]",5
Student 31,6,option_1,1,"[""13-02-2023 06:46:01""]","[[""option_1"", ""13-02-2023 06:46:13""]]",11
Student 31,7,option_1,1,"[""13-02-2023 06:46:13""]","[[""option_1"", ""13-02-2023 06:46:26""]]",13
Student 31,8,option_3,1,"[""13-02-2023 06:46:26""]","[[""option_3"", ""13-02-2023 06:46:39""]]",12
Student 31,9,option_3,1,"[""13-02-2023 06:46:39""]","[[""option_3"", ""13-02-2023 06:46:53""]]",13
Student 31,10,option_3,0,"[""13-02-2023 06:46:53""]","[[""option_3"", ""13-02-2023 06:47:14""]]",21
Student 31,11,option_4,1,"[""13-02-2023 06:47:14""]","[[""option_4"", ""13-02-2023 06:47:22""]]",8
Student 31,12,option_2,1,"[""13-02-2023 06:47:22""]","[[""option_2"", ""13-02-2023 06:47:34""]]",11
Student 31,13,option_4,0,"[""13-02-2023 06:47:34""]","[[""option_4"", ""13-02-2023 06:47:47""]]",13
Student 31,14,option_2,1,"[""13-02-2023 06:47:47"", ""13-02-2023 06:48:12""]","[[""option_2"", ""13-02-2023 06:48:08""], [""option_2"", ""13-02-2023 06:48:25""]]",32
Student 31,15,option_2,1,"[""13-02-2023 06:48:08"", ""13-02-2023 06:48:25""]","[[""option_2"", ""13-02-2023 06:48:33""]]",12
Student 31,16,option_3,1,"[""13-02-2023 06:48:33""]","[[""option_3"", ""13-02-2023 06:48:38""]]",4
Student 31,17,option_3,1,"[""13-02-2023 06:48:38""]","[[""option_3"", ""13-02-2023 06:48:44""]]",6
Student 31,18,option_1,1,"[""13-02-2023 06:48:44""]","[[""option_1"", ""13-02-2023 06:48:52""]]",8
Student 31,19,option_1,1,"[""13-02-2023 06:48:52""]","[[""option_1"", ""13-02-2023 06:49:01""]]",8
Student 31,20,option_2,1,"[""13-02-2023 06:49:01""]","[[""option_2"", ""13-02-2023 06:49:14""]]",20
Student 32,1,option_2,1,"[""13-02-2023 06:44:22"", ""13-02-2023 06:52:00""]","[[""option_2"", ""13-02-2023 06:45:19""]]",57
Student 32,2,option_1,0,"[""13-02-2023 06:45:19"", ""13-02-2023 06:52:02""]","[[""option_1"", ""13-02-2023 06:45:29""]]",9
Student 32,3,option_1,1,"[""13-02-2023 06:45:28"", ""13-02-2023 06:52:03""]","[[""option_1"", ""13-02-2023 06:45:37""]]",8
Student 32,4,option_1,1,"[""13-02-2023 06:45:37"", ""13-02-2023 06:52:03"", ""13-02-2023 06:52:09"", ""13-02-2023 06:52:10""]","[[""option_1"", ""13-02-2023 06:45:48""]]",11
Student 32,5,option_2,1,"[""13-02-2023 06:45:48"", ""13-02-2023 06:52:04"", ""13-02-2023 06:52:10"", ""13-02-2023 06:52:10""]","[[""option_2"", ""13-02-2023 06:45:58""]]",13
Student 32,6,option_1,1,"[""13-02-2023 06:45:58"", ""13-02-2023 06:52:04"", ""13-02-2023 06:52:10""]","[[""option_1"", ""13-02-2023 06:46:34""]]",35
Student 32,7,option_1,1,"[""13-02-2023 06:46:34"", ""13-02-2023 06:52:05"", ""13-02-2023 06:52:10""]","[[""option_1"", ""13-02-2023 06:46:47""]]",13
Student 32,8,option_3,1,"[""13-02-2023 06:46:48"", ""13-02-2023 06:52:05"", ""13-02-2023 06:52:10""]","[[""option_3"", ""13-02-2023 06:47:00""]]",12
Student 32,9,option_3,1,"[""13-02-2023 06:47:00"", ""13-02-2023 06:52:07"", ""13-02-2023 06:52:11""]","[[""option_3"", ""13-02-2023 06:47:18""]]",19
Student 32,10,option_2,1,"[""13-02-2023 06:47:19"", ""13-02-2023 06:52:07"", ""13-02-2023 06:52:09"", ""13-02-2023 06:52:11""]","[[""option_2"", ""13-02-2023 06:47:34""]]",15
Student 32,11,option_4,1,"[""13-02-2023 06:47:34"", ""13-02-2023 06:52:08"", ""13-02-2023 06:52:11""]","[[""option_4"", ""13-02-2023 06:47:46""]]",11
Student 32,12,option_2,1,"[""13-02-2023 06:47:46"", ""13-02-2023 06:52:09"", ""13-02-2023 06:52:11""]","[[""option_2"", ""13-02-2023 06:48:11""]]",26
Student 32,13,option_1,0,"[""13-02-2023 06:48:11"", ""13-02-2023 06:51:27"", ""13-02-2023 06:51:29"", ""13-02-2023 06:51:32"", ""13-02-2023 06:51:38"", ""13-02-2023 06:51:40"", ""13-02-2023 06:51:41"", ""13-02-2023 06:51:41"", ""13-02-2023 06:51:50"", ""13-02-2023 06:51:50"", ""13-02-2023 06:52:09"", ""13-02-2023 06:52:11""]","[[""option_2"", ""13-02-2023 06:48:37""], [""option_1"", ""13-02-2023 06:52:40""]]",69
Student 32,14,option_1,0,"[""13-02-2023 06:48:37"", ""13-02-2023 06:52:09"", ""13-02-2023 06:52:34""]","[[""option_1"", ""13-02-2023 06:49:23""]]",45
Student 32,15,option_2,1,"[""13-02-2023 06:49:23""]","[[""option_2"", ""13-02-2023 06:49:35""]]",12
Student 32,16,option_3,1,"[""13-02-2023 06:49:35""]","[[""option_3"", ""13-02-2023 06:49:50""]]",14
Student 32,17,option_3,1,"[""13-02-2023 06:49:50""]","[[""option_3"", ""13-02-2023 06:49:54""]]",4
Student 32,18,option_1,1,"[""13-02-2023 06:49:54""]","[[""option_1"", ""13-02-2023 06:50:24""]]",29
Student 32,19,option_1,1,"[""13-02-2023 06:50:24""]","[[""option_1"", ""13-02-2023 06:50:41""]]",16
Student 32,20,option_2,1,"[""13-02-2023 06:50:41""]","[[""option_2"", ""13-02-2023 06:51:09""]]",46
Student 33,1,option_2,1,"[""13-02-2023 06:44:19"", ""13-02-2023 06:52:13""]","[[""option_2"", ""13-02-2023 06:45:15""]]",57
Student 33,2,option_1,0,"[""13-02-2023 06:45:15""]","[[""option_1"", ""13-02-2023 06:45:27""]]",11
Student 33,3,option_1,1,"[""13-02-2023 06:45:27"", ""13-02-2023 06:52:15""]","[[""option_1"", ""13-02-2023 06:45:36""]]",9
Student 33,4,option_1,1,"[""13-02-2023 06:45:36"", ""13-02-2023 06:52:15""]","[[""option_1"", ""13-02-2023 06:45:50""]]",13
Student 33,5,option_2,1,"[""13-02-2023 06:45:50"", ""13-02-2023 06:52:15""]","[[""option_2"", ""13-02-2023 06:45:58""]]",9
Student 33,6,option_1,1,"[""13-02-2023 06:45:58""]","[[""option_1"", ""13-02-2023 06:46:32""]]",33
Student 33,7,option_1,1,"[""13-02-2023 06:46:33"", ""13-02-2023 06:52:16""]","[[""option_1"", ""13-02-2023 06:46:47""]]",15
Student 33,8,option_3,1,"[""13-02-2023 06:46:47"", ""13-02-2023 06:52:16""]","[[""option_3"", ""13-02-2023 06:47:00""]]",12
Student 33,9,option_3,1,"[""13-02-2023 06:47:00""]","[[""option_3"", ""13-02-2023 06:47:18""]]",18
Student 33,10,option_2,1,"[""13-02-2023 06:47:18"", ""13-02-2023 06:52:16""]","[[""option_2"", ""13-02-2023 06:47:35""]]",16
Student 33,11,option_4,1,"[""13-02-2023 06:47:35""]","[[""option_4"", ""13-02-2023 06:47:45""]]",11
Student 33,12,option_2,1,"[""13-02-2023 06:47:45"", ""13-02-2023 06:52:17""]","[[""option_2"", ""13-02-2023 06:48:10""]]",26
Student 33,13,option_1,0,"[""13-02-2023 06:48:11"", ""13-02-2023 06:51:27"", ""13-02-2023 06:51:29"", ""13-02-2023 06:51:32"", ""13-02-2023 06:51:32"", ""13-02-2023 06:51:32"", ""13-02-2023 06:51:32"", ""13-02-2023 06:51:36"", ""13-02-2023 06:51:37"", ""13-02-2023 06:51:38"", ""13-02-2023 06:51:38"", ""13-02-2023 06:51:38"", ""13-02-2023 06:51:38"", ""13-02-2023 06:51:38"", ""13-02-2023 06:51:39"", ""13-02-2023 06:51:47"", ""13-02-2023 06:51:48"", ""13-02-2023 06:51:48"", ""13-02-2023 06:51:49"", ""13-02-2023 06:52:19""]","[[""option_2"", ""13-02-2023 06:48:38""], [""option_1"", ""13-02-2023 06:52:30""]]",56
Student 33,14,option_1,0,"[""13-02-2023 06:48:38"", ""13-02-2023 06:52:30""]","[[""option_1"", ""13-02-2023 06:49:22""]]",44
Student 33,15,option_2,1,"[""13-02-2023 06:49:22""]","[[""option_2"", ""13-02-2023 06:49:34""]]",11
Student 33,16,option_3,1,"[""13-02-2023 06:49:34""]","[[""option_3"", ""13-02-2023 06:49:41""]]",7
Student 33,17,option_3,1,"[""13-02-2023 06:49:42""]","[[""option_3"", ""13-02-2023 06:49:53""]]",12
Student 33,18,option_1,1,"[""13-02-2023 06:49:53""]","[[""option_1"", ""13-02-2023 06:50:24""]]",30
Student 33,19,option_1,1,"[""13-02-2023 06:50:24""]","[[""option_1"", ""13-02-2023 06:50:40""]]",16
Student 33,20,option_2,1,"[""13-02-2023 06:50:40""]","[[""option_2"", ""13-02-2023 06:51:08""], [""option_2"", ""13-02-2023 06:51:10""]]",45
Student 34,1,option_2,1,"[""13-02-2023 06:44:14""]","[[""option_2"", ""13-02-2023 06:44:24""]]",9
Student 34,2,option_1,0,"[""13-02-2023 06:44:24""]","[[""option_1"", ""13-02-2023 06:44:56""]]",32
Student 34,3,option_1,1,"[""13-02-2023 06:44:56""]","[[""option_1"", ""13-02-2023 06:45:15""]]",18
Student 34,4,option_1,1,"[""13-02-2023 06:45:15""]","[[""option_1"", ""13-02-2023 06:45:52""]]",37
Student 34,5,option_2,1,"[""13-02-2023 06:45:52""]","[[""option_2"", ""13-02-2023 06:45:59""]]",7
Student 34,6,option_1,1,"[""13-02-2023 06:45:59""]","[[""option_1"", ""13-02-2023 06:46:20""]]",20
Student 34,7,option_1,1,"[""13-02-2023 06:46:20""]","[[""option_1"", ""13-02-2023 06:46:43""]]",23
Student 34,8,option_3,1,"[""13-02-2023 06:46:43""]","[[""option_3"", ""13-02-2023 06:47:26""]]",43
Student 34,9,option_2,0,"[""13-02-2023 06:47:26""]","[[""option_2"", ""13-02-2023 06:47:49""]]",23
Student 34,10,option_2,1,"[""13-02-2023 06:47:49""]","[[""option_2"", ""13-02-2023 06:48:17""]]",27
Student 34,11,option_4,1,"[""13-02-2023 06:48:17""]","[[""option_4"", ""13-02-2023 06:48:29""]]",12
Student 34,12,option_4,0,"[""13-02-2023 06:48:29""]","[[""option_4"", ""13-02-2023 06:48:48""]]",18
Student 34,13,option_1,0,"[""13-02-2023 06:48:48""]","[[""option_1"", ""13-02-2023 06:48:56""]]",8
Student 34,14,option_2,1,"[""13-02-2023 06:48:56""]","[[""option_2"", ""13-02-2023 06:49:19""]]",22
Student 34,15,option_2,1,"[""13-02-2023 06:49:19""]","[[""option_2"", ""13-02-2023 06:49:27""]]",7
Student 34,16,option_3,1,"[""13-02-2023 06:49:27""]","[[""option_3"", ""13-02-2023 06:49:37""]]",9
Student 34,17,option_3,1,"[""13-02-2023 06:49:37""]","[[""option_3"", ""13-02-2023 06:49:40""]]",2
Student 34,18,option_1,1,"[""13-02-2023 06:49:40""]","[[""option_1"", ""13-02-2023 06:49:48""]]",8
Student 34,19,option_1,1,"[""13-02-2023 06:49:48"", ""13-02-2023 06:50:23""]","[[""option_1"", ""13-02-2023 06:50:03""], [""option_1"", ""13-02-2023 06:50:49""]]",41
Student 34,20,Unanswered,0,"[""13-02-2023 06:50:04"", ""13-02-2023 06:50:49""]",Unanswered,35
